-- phpMyAdmin SQL Dump
-- version 5.2.1
-- https://www.phpmyadmin.net/
--
-- Hôte : 127.0.0.1
-- Généré le : dim. 08 sep. 2024 à 15:10
-- Version du serveur : 10.4.32-MariaDB
-- Version de PHP : 8.0.30

SET SQL_MODE = "NO_AUTO_VALUE_ON_ZERO";
START TRANSACTION;
SET time_zone = "+00:00";


/*!40101 SET @OLD_CHARACTER_SET_CLIENT=@@CHARACTER_SET_CLIENT */;
/*!40101 SET @OLD_CHARACTER_SET_RESULTS=@@CHARACTER_SET_RESULTS */;
/*!40101 SET @OLD_COLLATION_CONNECTION=@@COLLATION_CONNECTION */;
/*!40101 SET NAMES utf8mb4 */;

--
-- Base de données : `commerce`
--

-- --------------------------------------------------------

--
-- Structure de la table `categories`
--

CREATE TABLE `categories` (
  `CATEGORY_CODE` int(11) NOT NULL,
  `CATEGORY_NAME` varchar(25) NOT NULL,
  `DESCRIPTION` text NOT NULL
) ENGINE=InnoDB DEFAULT CHARSET=utf8mb4 COLLATE=utf8mb4_general_ci;

--
-- Déchargement des données de la table `categories`
--

INSERT INTO `categories` (`CATEGORY_CODE`, `CATEGORY_NAME`, `DESCRIPTION`) VALUES
(1, 'Beverages', 'Beverages, coffees, teas'),
(2, 'Condiments', 'Sauces, seasonings, and spices'),
(3, 'Desserts', 'Desserts and sweets'),
(4, 'Dairy Products', 'Cheeses'),
(5, 'Pasta and Cereals', 'Breads, biscuits, pasta, and cereals'),
(6, 'Meats', 'Prepared meats'),
(7, 'Dry Products', 'Dried fruits, raisins, others'),
(8, 'Fish and Seafood', 'Fish, seafood, snails'),
(9, 'Computer Equipment', 'Laptops, keyboards, mice');

-- --------------------------------------------------------

--
-- Structure de la table `customers`
--

CREATE TABLE `customers` (
  `CUSTOMER_CODE` char(5) NOT NULL,
  `COMPANY` varchar(40) NOT NULL,
  `ADDRESS` varchar(60) NOT NULL,
  `CITY` varchar(30) NOT NULL,
  `POSTAL_CODE` varchar(10) NOT NULL,
  `COUNTRY` varchar(15) NOT NULL,
  `PHONE` varchar(24) NOT NULL,
  `FAX` varchar(24) DEFAULT NULL
) ENGINE=InnoDB DEFAULT CHARSET=utf8mb4 COLLATE=utf8mb4_general_ci;

--
-- Déchargement des données de la table `customers`
--

INSERT INTO `customers` (`CUSTOMER_CODE`, `COMPANY`, `ADDRESS`, `CITY`, `POSTAL_CODE`, `COUNTRY`, `PHONE`, `FAX`) VALUES
('ALFKI', 'Alfreds Futterkiste', 'Obere Str. 57', 'Berlin', '12209', 'Allemagne', '030-0074321', '030-0076545'),
('ANATR', 'Ana Trujillo Emparedados y helados', 'Avda. de la Constitución 2222', 'México D.F.', '05021', 'Mexique', '(5) 555-4729', '(5) 555-3745'),
('ANTON', 'Antonio Moreno Taquería', 'Mataderos  2312', 'México D.F.', '05023', 'Mexique', '(5) 555-3932', ''),
('AROUT', 'Around the Horn', '120 Hanover Sq.', 'London', 'WA1 4SD', 'Royaume-Uni', '(71) 555-7788', '(71) 555-6750'),
('BERGS', 'Berglunds snabbköp', 'Berguvsvägen  8', 'Luleå', 'S-958 22', 'Suède', '0921-12 34 65', '0921-12 34 67'),
('BLAUS', 'BlauerSeeDelikatessen', 'Forsterstr. 57', 'Mannheim', '68306', 'Allemagne', '0621-08460', '0621-08924'),
('BLONP', 'Blondel père et fils', '24, place Kléber', 'Strasbourg', '67000', 'France', '03.88.60.15.31', '03.88.60.15.32'),
('BOLID', 'Bólido Comidas preparadas', 'Araquil, 67', 'Madrid', '28023', 'Espagne', '(91) 555 22 82', '(91) 555 91 99'),
('BONAP', 'Bon app\'', '12, rue des Bouchers', 'Marseille', '13008', 'France', '04.91.24.45.40', '04.91.24.45.41'),
('BOTTM', 'Bottom-Dollar Markets', '23 Tsawassen Blvd.', 'Tsawassen', 'T2F 8M4', 'Canada', '(604) 555-4729', '(604) 555-3745'),
('BSBEV', 'B\'s Beverages', 'Fauntleroy Circus', 'London', 'EC2 4SD', 'Royaume-Uni', '(71) 555-1212', ''),
('CACTU', 'Cactus Comidas para llevar', 'Cerrito 333', 'Buenos Aires', '1010', 'Argentine', '(1) 135-5555', '(1) 135-4892'),
('CENTC', 'Centro comercial Moctezuma', 'Sierras de Granada 9993', 'México D.F.', '05022', 'Mexique', '(5) 555-3392', '(5) 555-7293'),
('CHOPS', 'Chop-suey Chinese', 'Hauptstr. 29', 'Bern', '3012', 'Suisse', '0452-076545', ''),
('COMMI', 'Comércio Mineiro', 'Av. dos Lusíadas, 23', 'São Paulo', '05432-043', 'Brésil', '(11) 555-7647', ''),
('CONSH', 'Consolidated Holdings', 'Berkeley Gardens12  Brewery ', 'London', 'WX1 4SD', 'Royaume-Uni', '(71) 555-2282', '(71) 555-9199'),
('DRACD', 'Drachenblut Delikatessen', 'Walserweg 21', 'Aachen', '52066', 'Allemagne', '0241-039123', '0241-059428'),
('DUMON', 'Du monde entier', '67, rue des Cinquante Otages', 'Nantes', '44000', 'France', '02.40.67.88.88', '02.40.67.89.89'),
('EASTC', 'Eastern Connection', '35 King George', 'London', 'WX3 6FW', 'Royaume-Uni', '(71) 555-0297', '(71) 555-3373'),
('ERNSH', 'Ernst Handel', 'Kirchgasse 6', 'Graz', '8010', 'Autriche', '7675-3425', '7675-3426'),
('FAMIA', 'Familia Arquibaldo', 'Rua Orós, 92', 'São Paulo', '05442-030', 'Brésil', '(11) 555-9857', ''),
('FISSA', 'FISSA Fabrica Inter. Salchichas S.A.', 'Moralzarzal, 86', 'Madrid', '28034', 'Espagne', '(91) 555 94 44', '(91) 555 55 93'),
('FOLIG', 'Folies gourmandes', '184, chaussée de Tournai', 'Lille', '59000', 'France', '03.20.16.10.16', '03.20.16.10.17'),
('FOLKO', 'Folk och fä HB', 'Åkergatan 24', 'Bräcke', 'S-844 67', 'Suède', '0695-34 67 21', ''),
('FRANK', 'Frankenversand', 'Berliner Platz 43', 'München', '80805', 'Allemagne', '089-0877310', '089-0877451'),
('FRANR', 'France restauration', '54, rue Royale', 'Nantes', '44000', 'France', '02.40.32.21.21', '02.40.32.21.20'),
('FRANS', 'Franchi S.p.A.', 'Via Monte Bianco 34', 'Torino', '10100', 'Italie', '011-4988260', '011-4988261'),
('FURIB', 'Furia Bacalhau e Frutos do Mar', 'Jardim das rosas n. 32', 'Lisboa', '1675', 'Portugal', '(1) 354-2534', '(1) 354-2535'),
('GALED', 'Galería del gastrónomo', 'Rambla de Cataluña, 23', 'Barcelona', '08022', 'Espagne', '(93) 203 4560', '(93) 203 4561'),
('GODOS', 'Godos Cocina Típica', 'Romero, 33', 'Sevilla', '41101', 'Espagne', '(95) 555 82 82', ''),
('GOURL', 'Gourmet Lanchonetes', 'Av. Brasil, 442', 'Campinas', '04876-786', 'Brésil', '(11) 555-9482', ''),
('GREAL', 'Great Lakes Food Market', '2732 Baker Blvd.', 'Eugene', '97403', 'États-Unis', '(503) 555-7555', ''),
('GROSR', 'GROSELLA-Restaurante', '5ª Ave. Los Palos Grandes', 'Caracas', '1081', 'Venezuela', '(2) 283-2951', '(2) 283-3397'),
('HANAR', 'Hanari Carnes', 'Rua do Paço, 67', 'Rio de Janeiro', '05454-876', 'Brésil', '(21) 555-0091', '(21) 555-8765'),
('HILAA', 'HILARIÓN-Abastos', 'Carrera 22 con Ave. Carlos Soublette #8-35', 'San Cristóbal', '5022', 'Venezuela', '(5) 555-1340', '(5) 555-1948'),
('HUNGC', 'Hungry Coyote Import Store', 'City Center Plaza516 Main St.', 'Elgin', '97827', 'États-Unis', '(503) 555-6874', '(503) 555-2376'),
('HUNGO', 'Hungry Owl All-Night Grocers', '8 Johnstown Road', 'Cork', '2506', 'Irlande', '2967 542', '2967 3333'),
('ISLAT', 'Island Trading', 'Garden HouseCrowther Way', 'Cowes', 'PO31 7PJ', 'Royaume-Uni', '(198) 555-8888', ''),
('KOENE', 'Königlich Essen', 'Maubelstr. 90', 'Brandenburg', '14776', 'Allemagne', '0555-09876', ''),
('LACOR', 'La corne d\'abondance', '67, avenue de l\'Europe', 'Versailles', '78000', 'France', '01.30.59.84.10', '01.30.59.85.11'),
('LAMAI', 'La maison d\'Asie', '1 rue Alsace-Lorraine', 'Toulouse', '31000', 'France', '05.61.77.61.10', '05.61.77.61.11'),
('LAUGB', 'Laughing Bacchus Wine Cellars', '1900 Oak St.', 'Vancouver', 'V3F 2K1', 'Canada', '(604) 555-3392', '(604) 555-7293'),
('LAZYK', 'Lazy K Kountry Store', '12 Orchestra Terrace', 'Walla Walla', '99362', 'États-Unis', '(509) 555-7969', '(509) 555-6221'),
('LEHMS', 'Lehmanns Marktstand', 'Magazinweg 7', 'Frankfurt a.M. ', '60528', 'Allemagne', '069-0245984', '069-0245874'),
('LETSS', 'Let\'s Stop N Shop', '87 Polk St.Suite 5', 'San Francisco', '94117', 'États-Unis', '(415) 555-5938', ''),
('LILAS', 'LILA-Supermercado', 'Carrera 52 con Ave. Bolívar #65-98 Llano Largo', 'Barquisimeto', '3508', 'Venezuela', '(9) 331-6954', '(9) 331-7256'),
('LINOD', 'LINO-Delicateses', 'Ave. 5 de Mayo Porlamar', 'I. de Margarita', '4980', 'Venezuela', '(8) 34-56-12', '(8) 34-93-93'),
('LONEP', 'Lonesome Pine Restaurant', '89 Chiaroscuro Rd.', 'Portland', '97219', 'États-Unis', '(503) 555-9573', '(503) 555-9646'),
('MAGAA', 'Magazzini Alimentari Riuniti', 'Via Ludovico il Moro 22', 'Bergamo', '24100', 'Italie', '035-640230', '035-640231'),
('MAISD', 'Maison Dewey', 'Rue Joseph-Bens 532', 'Bruxelles', 'B-1180', 'Belgique', '(02) 201 24 67', '(02) 201 24 68'),
('MEREP', 'Mère Paillarde', '43 rue St. Laurent', 'Montréal', 'H1J 1C3', 'Canada', '(514) 555-8054', '(514) 555-8055'),
('MONP', 'MONOPRIX - SFAX EL AIN', 'Route d\'El Ain Km 1,5 3000 Sfax ', 'Safx', '1003', 'Tunisie', '(26) 642-7012', '(26) 642-7012'),
('MORGK', 'Morgenstern Gesundkost', 'Heerstr. 22', 'Leipzig', '04179', 'Allemagne', '0342-023176', ''),
('NORTS', 'North/South', 'South House300 Queensbridge', 'London', 'SW7 1RZ', 'Royaume-Uni', '(71) 555-7733', '(71) 555-2530'),
('OCEAN', 'Océano Atlántico Ltda.', 'Ing. Gustavo Moncada 8585Piso 20-A', 'Buenos Aires', '1010', 'Argentine', '(1) 135-5333', '(1) 135-5535'),
('OLDWO', 'Old World Delicatessen', '2743 Bering St.', 'Anchorage', '99508', 'États-Unis', '(907) 555-7584', '(907) 555-2880'),
('OTTIK', 'Ottilies Käseladen', 'Mehrheimerstr. 369', 'Köln', '50739', 'Allemagne', '0221-0644327', '0221-0765721'),
('PARIS', 'Paris spécialités', '265, boulevard Charonne', 'Paris', '75012', 'France', '01.42.34.22.66', '01.42.34.22.77'),
('PERIC', 'Pericles Comidas clásicas', 'Calle Dr. Jorge Cash 321', 'México D.F.', '05033', 'Mexique', '(5) 552-3745', '(5) 545-3745'),
('PICCO', 'Piccolo und mehr', 'Geislweg 14', 'Salzburg', '5020', 'Autriche', '6562-9722', '6562-9723'),
('PRINI', 'Princesa Isabel Vinhos', 'Estrada da saúde n. 58', 'Lisboa', '1756', 'Portugal', '(1) 356-5634', ''),
('QUEDE', 'Que Delícia', 'Rua da Panificadora, 12', 'Rio de Janeiro', '02389-673', 'Brésil', '(21) 555-4252', '(21) 555-4545'),
('QUEEN', 'Queen Cozinha', 'Alameda dos Canàrios, 891', 'São Paulo', '05487-020', 'Brésil', '(11) 555-1189', ''),
('QUICK', 'QUICK-Stop', 'Taucherstraße 10', 'Cunewalde', '01307', 'Allemagne', '0372-035188', ''),
('RANCH', 'Rancho grande', 'Av. del Libertador 900', 'Buenos Aires', '1010', 'Argentine', '(1) 123-5555', '(1) 123-5556'),
('RATTC', 'Rattlesnake Canyon Grocery', '2817 Milton Dr.', 'Albuquerque', '87110', 'États-Unis', '(505) 555-5939', '(505) 555-3620'),
('REGGC', 'Reggiani Caseifici', 'Strada Provinciale 124', 'Reggio Emilia', '42100', 'Italie', '0522-556721', '0522-556722'),
('RICAR', 'Ricardo Adocicados', 'Av. Copacabana, 267', 'Rio de Janeiro', '02389-890', 'Brésil', '(21) 555-3412', ''),
('RICSU', 'Richter Supermarkt', 'Grenzacherweg 237', 'Genève', '1203', 'Suisse', '0897-034214', ''),
('ROMEY', 'Romero y tomillo', 'Gran Vía, 1', 'Madrid', '28001', 'Espagne', '(91) 745 6200', '(91) 745 6210'),
('SANTG', 'Santé Gourmet', 'Erling Skakkes gate 78', 'Stavern', '4110', 'Norvège', '07-98 92 35', '07-98 92 47'),
('SAVEA', 'Save-a-lot Markets', '187 Suffolk Ln.', 'Boise', '83720', 'États-Unis', '(208) 555-8097', ''),
('SEVES', 'Seven Seas Imports', '90 Wadhurst Rd.', 'London', 'OX15 4NB', 'Royaume-Uni', '(71) 555-1717', '(71) 555-5646'),
('SIMOB', 'Simons bistro', 'Vinbæltet 34', 'København', '1734', 'Danemark', '31 12 34 56', '31 13 35 57'),
('SPECD', 'Spécialités du monde', '25, rue Lauriston', 'Paris', '75016', 'France', '01.47.55.60.10', '01.47.55.60.20'),
('SPLIR', 'Split Rail Beer  Ale', 'P.O. Box 555', 'Lander', '82520', 'États-Unis', '(307) 555-4680', '(307) 555-6525'),
('SUPRD', 'Suprêmes délices', 'Boulevard Tirou, 255', 'Charleroi', 'B-6000', 'Belgique', '(071) 23 67 22 20', '(071) 23 67 22 21'),
('THEBI', 'The Big Cheese', '89 Jefferson WaySuite 2', 'Portland', '97201', 'États-Unis', '(503) 555-3612', ''),
('THECR', 'The Cracker Box', '55 Grizzly Peak Rd.', 'Butte', '59801', 'États-Unis', '(406) 555-5834', '(406) 555-8083'),
('TOMSP', 'Toms Spezialitäten', 'Luisenstr. 48', 'Münster', '44087', 'Allemagne', '0251-031259', '0251-035695'),
('TORTU', 'Tortuga Restaurante', 'Avda. Azteca 123', 'México D.F.', '05033', 'Mexique', '(5) 555-2933', ''),
('TRADH', 'Tradição Hipermercados', 'Av. Inês de Castro, 414', 'São Paulo', '05634-030', 'Brésil', '(11) 555-2167', '(11) 555-2168'),
('TRAIH', 'Trail\'s Head Gourmet Provisioners', '722 DaVinci Blvd.', 'Kirkland', '98034', 'États-Unis', '(206) 555-8257', '(206) 555-2174'),
('VAFFE', 'Vaffeljernet', 'Smagsløget 45', 'Århus', '8200', 'Danemark', '86 21 32 43', '86 22 33 44'),
('VICTE', 'Victuailles en stock', '2, rue du Commerce', 'Lyon', '69004', 'France', '04.78.32.54.86', '04.78.32.54.87'),
('VINET', 'Vinis et Chevalier', '59 rue de l\'Abbaye', 'Reims', '51100', 'France', '03.26.47.15.10', '03.26.47.15.11'),
('WANDK', 'Die Wandernde Kuh', 'Adenauerallee 900', 'Stuttgart', '70563', 'Allemagne', '0711-020361', '0711-035428'),
('WARTH', 'Wartian Herkku', 'Torikatu 38', 'Oulu', '90110', 'Finlande', '981-443655', '981-443655'),
('WELLI', 'Wellington Importadora', 'Rua do Mercado, 12', 'Resende', '08737-363', 'Brésil', '(14) 555-8122', ''),
('WHITC', 'White Clover Markets', '305 - 14th Ave. S.Suite 3B', 'Seattle', '98128', 'États-Unis', '(206) 555-4112', '(206) 555-4115'),
('WILMK', 'Wilman Kala', 'Keskuskatu 45', 'Helsinki', '21240', 'Finlande', '90-224 8858', '90-224 8858'),
('WOLZA', 'Wolski  Zajazd', 'ul. Filtrowa 68', 'Warszawa', '01-012', 'Pologne', '(26) 642-7012', '(26) 642-7012');

-- --------------------------------------------------------

--
-- Structure de la table `employees`
--

CREATE TABLE `employees` (
  `EMPLOYEE_NUMBER` int(11) NOT NULL,
  `REPORTS_TO` int(11) DEFAULT NULL,
  `LAST_NAME` varchar(40) NOT NULL,
  `FIRST_NAME` varchar(30) NOT NULL,
  `POSITION` varchar(30) NOT NULL,
  `TITLE` varchar(5) NOT NULL,
  `BIRTH_DATE` date NOT NULL,
  `HIRE_DATE` date NOT NULL DEFAULT sysdate(),
  `SALARY` decimal(8,2) NOT NULL,
  `COMMISSION` decimal(8,2) DEFAULT NULL
) ENGINE=InnoDB DEFAULT CHARSET=utf8mb4 COLLATE=utf8mb4_general_ci;

--
-- Déchargement des données de la table `employees`
--

INSERT INTO `employees` (`EMPLOYEE_NUMBER`, `REPORTS_TO`, `LAST_NAME`, `FIRST_NAME`, `POSITION`, `TITLE`, `BIRTH_DATE`, `HIRE_DATE`, `SALARY`, `COMMISSION`) VALUES
(0, NULL, '', '', '', '', '0000-00-00', '1994-02-01', 0.00, NULL),
(1, 2, 'Davolio', 'Nancy', 'Sales Representative', 'Miss', '1968-08-12', '1992-01-05', 3135.00, 1500.00),
(2, 2, 'Fuller', 'Andrew', 'Vice President', 'Dr.', '0000-00-00', '0000-00-00', 10000.00, NULL),
(3, 2, 'Leverling', 'Janet', 'Sales Representative', 'Miss', '0000-00-00', '1992-01-04', 3500.00, 1000.00),
(4, 2, 'Peacock', 'Margaret', 'Sales Representative', 'Mrs.', '0000-00-00', '1993-03-05', 2856.00, 250.00),
(5, 2, 'Buchanan', 'Steven', 'Sales Manager', 'Mr.', '1955-04-03', '0000-00-00', 8000.00, NULL),
(6, 5, 'Suyama', 'Michael', 'Sales Representative', 'Mr.', '1963-02-07', '0000-00-00', 2534.00, 600.00),
(7, NULL, 'King', 'Robert', 'Sales Representative', 'Mr.', '0000-00-00', '1994-02-01', 2356.00, 800.00),
(8, 2, 'Callahan', 'Laura', 'Sales Assistant', 'Miss', '1958-09-01', '1994-05-03', 2000.00, NULL),
(9, 5, 'Dodsworth', 'Anne', 'Sales Representative', 'Miss', '1969-02-07', '0000-00-00', 2180.00, 0.00);

-- --------------------------------------------------------

--
-- Structure de la table `orders`
--

CREATE TABLE `orders` (
  `ORDER_NUMBER` char(5) NOT NULL,
  `ORDER_DATE` date NOT NULL,
  `SHIP_DATE` date DEFAULT NULL,
  `SHIPPING_COST` decimal(8,2) DEFAULT NULL,
  `CUSTOMER_CODE` varchar(255) DEFAULT NULL,
  `EMPLOYEE_NUMBER` int(11) DEFAULT NULL
) ENGINE=InnoDB DEFAULT CHARSET=utf8mb4 COLLATE=utf8mb4_general_ci;

--
-- Déchargement des données de la table `orders`
--

INSERT INTO `orders` (`ORDER_NUMBER`, `ORDER_DATE`, `SHIP_DATE`, `SHIPPING_COST`, `CUSTOMER_CODE`, `EMPLOYEE_NUMBER`) VALUES
('10354', '1996-11-14', '1996-11-20', 2.69, 'PERIC', NULL),
('10365', '1996-11-27', '1996-12-02', 1.10, 'ANTON', NULL),
('10384', '1996-11-14', '1996-11-20', 2.69, 'PERIC', NULL),
('10410', '1997-01-10', '1997-01-15', 0.12, 'BOTTM', NULL),
('10415', '1997-01-15', '1997-01-24', 0.01, 'HUNGC', NULL),
('10464', '1997-03-04', '1997-03-14', 4.45, 'FURIB', NULL),
('10472', '1997-03-12', '1997-03-19', 0.21, 'SEVES', NULL),
('10556', '1997-06-03', '1997-06-13', 0.49, 'SIMOB', NULL),
('10566', '1997-06-12', '1997-06-18', 4.42, 'BLONP', NULL),
('10574', '1997-06-19', '1997-06-30', 1.88, 'TRAIH', NULL),
('10578', '1997-06-24', '1997-07-25', 1.48, 'BSBEV', NULL),
('10593', '1997-07-09', '1997-08-13', 8.71, 'LEHMS', NULL),
('10606', '1997-07-22', '1997-07-31', 3.97, 'TRADH', NULL),
('10624', '1997-08-07', '1997-08-19', 4.74, 'THECR', NULL),
('10649', '1997-08-28', '1997-08-29', 0.31, 'MAISD', NULL),
('10651', '1997-09-01', '1997-09-11', 1.03, 'WANDK', NULL),
('10683', '1997-09-26', '1997-10-01', 0.22, 'DUMON', NULL),
('10690', '1997-10-02', '1997-10-03', 0.79, 'HANAR', NULL),
('10709', '1997-10-17', '1997-11-20', 10.54, 'GOURL', NULL),
('10715', '1997-10-23', '1997-10-29', 3.16, 'BONAP', NULL),
('10774', '1997-12-11', '1997-12-12', 2.41, 'FOLKO', NULL),
('10789', '1997-12-22', '1997-12-31', 5.03, 'FOLIG', NULL),
('10822', '1998-01-08', '1998-01-16', 0.35, 'TRAIH', NULL),
('10919', '1998-03-02', '1998-03-04', 0.99, 'LINOD', NULL),
('10931', '1998-03-06', '1998-03-19', 0.68, 'RICSU', NULL),
('10946', '1998-03-12', '1998-03-19', 1.36, 'VAFFE', NULL),
('10968', '1998-03-23', '1998-04-01', 3.73, 'ERNSH', NULL),
('10995', '1998-04-02', '1998-04-06', 2.30, 'PERIC', NULL),
('11014', '1998-04-10', '1998-04-15', 1.18, 'LINOD', NULL),
('11016', '1998-04-10', '1998-04-13', 1.69, 'AROUT', NULL),
('11037', '1998-04-21', '1998-04-27', 0.16, 'GODOS', NULL),
('ORDER', '0000-00-00', NULL, NULL, NULL, NULL);

-- --------------------------------------------------------

--
-- Structure de la table `order_details`
--

CREATE TABLE `order_details` (
  `ORDER_NUMBER` char(5) NOT NULL,
  `PRODUCT_REF` int(11) NOT NULL,
  `UNIT_PRICE` decimal(8,2) NOT NULL,
  `QUANTITY` decimal(5,0) NOT NULL,
  `DISCOUNT` float NOT NULL
) ENGINE=InnoDB DEFAULT CHARSET=utf8mb4 COLLATE=utf8mb4_general_ci;

--
-- Déchargement des données de la table `order_details`
--

INSERT INTO `order_details` (`ORDER_NUMBER`, `PRODUCT_REF`, `UNIT_PRICE`, `QUANTITY`, `DISCOUNT`) VALUES
('0', 5, 10248.00, 3, 174),
('0', 10, 10248.00, 2, 49),
('0', 12, 10248.00, 1, 70),
('0.00', 5, 10248.00, 3, 174),
('0.00', 10, 10248.00, 2, 49),
('0.00', 12, 10248.00, 1, 70),
('10248', 1, 70.00, 12, 0),
('10248', 2, 49.00, 10, 0),
('10248', 3, 174.00, 5, 0),
('10248', 4, 70.00, 12, 0),
('10248', 5, 49.00, 10, 0),
('10248', 6, 174.00, 5, 0),
('10248', 7, 70.00, 12, 0),
('10248', 8, 49.00, 10, 0),
('10248', 9, 174.00, 5, 0),
('10248', 10, 70.00, 12, 0),
('10248', 11, 49.00, 10, 0),
('10248', 12, 174.00, 5, 0),
('10248', 13, 70.00, 12, 0),
('10248', 14, 49.00, 10, 0),
('10248', 15, 174.00, 5, 0),
('10248', 16, 70.00, 12, 0),
('10248', 17, 49.00, 10, 0),
('10248', 18, 174.00, 5, 0),
('10248', 19, 70.00, 12, 0),
('10248', 20, 49.00, 10, 0),
('10248', 21, 70.00, 12, 0),
('10248', 22, 49.00, 10, 0),
('10248', 23, 174.00, 5, 0),
('10248', 24, 70.00, 12, 0),
('10248', 25, 49.00, 10, 0),
('10248', 26, 174.00, 5, 0),
('10248', 27, 70.00, 12, 0),
('10248', 28, 49.00, 10, 0),
('10248', 29, 174.00, 5, 0),
('10248', 30, 70.00, 12, 0),
('10248', 31, 49.00, 10, 0),
('10248', 32, 174.00, 5, 0),
('10248', 33, 70.00, 12, 0),
('10248', 34, 49.00, 10, 0),
('10248', 35, 174.00, 5, 0),
('10248', 36, 70.00, 12, 0),
('10248', 37, 49.00, 10, 0),
('10248', 38, 174.00, 5, 0),
('10248', 39, 70.00, 12, 0),
('10248', 40, 49.00, 10, 0),
('10248', 41, 70.00, 12, 0),
('10248', 42, 49.00, 10, 0),
('10248', 43, 174.00, 5, 0),
('10248', 44, 70.00, 12, 0),
('10248', 45, 49.00, 10, 0),
('10248', 46, 174.00, 5, 0),
('10248', 47, 70.00, 12, 0),
('10248', 48, 49.00, 10, 0),
('10248', 49, 174.00, 5, 0),
('10248', 50, 70.00, 12, 0),
('10248', 51, 49.00, 10, 0),
('10248', 52, 174.00, 5, 0),
('10248', 53, 70.00, 12, 0),
('10248', 54, 49.00, 10, 0),
('10248', 55, 174.00, 5, 0),
('10248', 56, 70.00, 12, 0),
('10248', 57, 49.00, 10, 0),
('10248', 58, 174.00, 5, 0),
('10248', 59, 70.00, 12, 0),
('10248', 60, 49.00, 10, 0),
('10248', 61, 70.00, 12, 0),
('10248', 62, 49.00, 10, 0),
('10248', 63, 174.00, 5, 0),
('10248', 64, 70.00, 12, 0),
('10248', 65, 49.00, 10, 0),
('10248', 66, 174.00, 5, 0),
('10248', 67, 70.00, 12, 0),
('10248', 68, 49.00, 10, 0),
('10248', 69, 174.00, 5, 0),
('10248', 70, 70.00, 12, 0),
('10248', 71, 49.00, 10, 0),
('10248', 72, 174.00, 5, 0),
('10248', 73, 70.00, 12, 0),
('10248', 74, 49.00, 10, 0),
('10248', 75, 174.00, 5, 0),
('10248', 76, 70.00, 12, 0),
('10248', 77, 49.00, 10, 0),
('10248', 90, 174.00, 5, 0),
('10248', 91, 70.00, 12, 0),
('10248', 92, 49.00, 10, 0),
('10249', 14, 93.00, 9, 0),
('10249', 51, 212.00, 40, 0),
('10250', 41, 38.50, 10, 0),
('10250', 51, 212.00, 35, 0.15),
('10250', 65, 84.00, 15, 0.15),
('10251', 22, 84.00, 6, 0.05),
('10251', 57, 78.00, 15, 0.05),
('10251', 65, 84.00, 20, 0),
('10252', 20, 324.00, 40, 0.05),
('10252', 33, 10.00, 25, 0.05),
('10252', 60, 136.00, 40, 0),
('10253', 31, 50.00, 20, 0),
('10253', 39, 72.00, 42, 0),
('10253', 49, 80.00, 40, 0),
('10254', 24, 18.00, 15, 0.15),
('10254', 55, 96.00, 21, 0.15),
('10254', 74, 40.00, 21, 0),
('10255', 2, 76.00, 20, 0),
('10255', 16, 69.50, 35, 0),
('10255', 36, 76.00, 25, 0),
('10255', 59, 220.00, 30, 0),
('10256', 53, 131.00, 15, 0),
('10256', 77, 52.00, 12, 0),
('10257', 27, 175.50, 25, 0),
('10257', 39, 72.00, 6, 0),
('10257', 77, 52.00, 15, 0),
('10258', 2, 76.00, 50, 0.2),
('10258', 5, 85.00, 65, 0.2),
('10258', 32, 128.00, 6, 0.2),
('10259', 21, 40.00, 10, 0),
('10259', 37, 104.00, 1, 0),
('10260', 41, 38.50, 16, 0.25),
('10260', 57, 78.00, 50, 0),
('10260', 62, 197.00, 15, 0.25),
('10260', 70, 60.00, 21, 0.25),
('10261', 21, 40.00, 20, 0),
('10261', 35, 72.00, 20, 0),
('10262', 5, 85.00, 12, 0.2),
('10262', 7, 120.00, 15, 0),
('10262', 56, 152.00, 2, 0),
('10263', 16, 69.50, 60, 0.25),
('10263', 24, 18.00, 28, 0),
('10263', 30, 103.50, 60, 0.25),
('10263', 74, 40.00, 36, 0.25),
('10264', 2, 76.00, 35, 0),
('10264', 41, 38.50, 25, 0.15),
('10265', 17, 156.00, 30, 0),
('10265', 70, 60.00, 20, 0),
('10266', 12, 152.00, 12, 0.05),
('10267', 40, 73.50, 50, 0),
('10267', 59, 220.00, 70, 0.15),
('10267', 76, 72.00, 15, 0.15),
('10268', 29, 495.00, 10, 0),
('10268', 72, 139.00, 4, 0),
('10269', 33, 10.00, 60, 0.05),
('10269', 72, 139.00, 20, 0.05),
('10270', 36, 76.00, 30, 0),
('10270', 43, 184.00, 25, 0),
('10271', 33, 10.00, 24, 0),
('10272', 20, 324.00, 6, 0),
('10272', 31, 50.00, 40, 0),
('10272', 72, 139.00, 24, 0),
('10273', 10, 124.00, 24, 0.05),
('10273', 31, 50.00, 15, 0.05),
('10273', 33, 10.00, 20, 0),
('10273', 40, 73.50, 60, 0.05),
('10273', 76, 72.00, 33, 0.05),
('10274', 71, 86.00, 20, 0),
('10274', 72, 139.00, 7, 0),
('10275', 24, 18.00, 12, 0.05),
('10275', 59, 220.00, 6, 0.05),
('10276', 10, 124.00, 15, 0),
('10276', 13, 24.00, 10, 0),
('10277', 28, 182.00, 20, 0),
('10277', 62, 197.00, 12, 0),
('10278', 44, 77.50, 16, 0),
('10278', 59, 220.00, 15, 0),
('10278', 63, 175.50, 8, 0),
('10278', 73, 60.00, 25, 0),
('10279', 17, 156.00, 15, 0.25),
('10280', 24, 18.00, 12, 0),
('10280', 55, 96.00, 20, 0),
('10280', 75, 31.00, 30, 0),
('10281', 19, 36.50, 1, 0),
('10281', 24, 18.00, 6, 0),
('10281', 35, 72.00, 4, 0),
('10282', 30, 103.50, 6, 0),
('10282', 57, 78.00, 2, 0),
('10283', 15, 62.00, 20, 0),
('10283', 19, 36.50, 18, 0),
('10283', 60, 136.00, 35, 0),
('10283', 72, 139.00, 3, 0),
('10284', 27, 175.50, 15, 0.25),
('10284', 44, 77.50, 21, 0),
('10284', 60, 136.00, 20, 0.25),
('10284', 67, 56.00, 5, 0.25),
('10285', 1, 72.00, 45, 0.2),
('10285', 40, 73.50, 40, 0.2),
('10285', 53, 131.00, 36, 0.2),
('10286', 35, 72.00, 100, 0),
('10286', 62, 197.00, 40, 0),
('10287', 16, 69.50, 40, 0.15),
('10287', 34, 56.00, 20, 0),
('10287', 46, 48.00, 15, 0.15),
('10288', 54, 29.50, 10, 0.1),
('10288', 68, 50.00, 3, 0.1),
('10289', 3, 40.00, 30, 0),
('10289', 64, 133.00, 9, 0),
('10290', 5, 85.00, 20, 0),
('10290', 29, 495.00, 15, 0),
('10290', 49, 80.00, 15, 0),
('10290', 77, 52.00, 10, 0),
('10291', 13, 24.00, 20, 0.1),
('10291', 44, 77.50, 24, 0.1),
('10291', 51, 212.00, 2, 0.1),
('10292', 20, 324.00, 20, 0),
('10293', 18, 250.00, 12, 0),
('10293', 24, 18.00, 10, 0),
('10293', 63, 175.50, 5, 0),
('10293', 75, 31.00, 6, 0),
('10294', 1, 72.00, 18, 0),
('10294', 17, 156.00, 15, 0),
('10294', 43, 184.00, 15, 0),
('10294', 60, 136.00, 21, 0),
('10294', 75, 31.00, 6, 0),
('10295', 56, 152.00, 4, 0),
('10296', 11, 84.00, 12, 0),
('10296', 16, 69.50, 30, 0),
('10296', 69, 144.00, 15, 0),
('10297', 39, 72.00, 60, 0),
('10297', 72, 139.00, 20, 0),
('10298', 2, 76.00, 40, 0),
('10298', 36, 76.00, 40, 0.25),
('10298', 59, 220.00, 30, 0.25),
('10298', 62, 197.00, 15, 0),
('10299', 19, 36.50, 15, 0),
('10299', 70, 60.00, 20, 0),
('10300', 66, 68.00, 30, 0),
('10300', 68, 50.00, 20, 0),
('10301', 40, 73.50, 10, 0),
('10301', 56, 152.00, 20, 0),
('10302', 17, 156.00, 40, 0),
('10302', 28, 182.00, 28, 0),
('10302', 43, 184.00, 12, 0),
('10303', 40, 73.50, 40, 0.1),
('10303', 65, 84.00, 30, 0.1),
('10303', 68, 50.00, 15, 0.1),
('10304', 49, 80.00, 30, 0),
('10304', 59, 220.00, 10, 0),
('10304', 71, 86.00, 2, 0),
('10305', 18, 250.00, 25, 0.1),
('10305', 29, 495.00, 25, 0.1),
('10305', 39, 72.00, 30, 0.1),
('10306', 30, 103.50, 10, 0),
('10306', 53, 131.00, 10, 0),
('10306', 54, 29.50, 5, 0),
('10307', 62, 197.00, 10, 0),
('10307', 68, 50.00, 3, 0),
('10308', 69, 144.00, 1, 0),
('10308', 70, 60.00, 5, 0),
('10309', 4, 88.00, 20, 0),
('10309', 6, 100.00, 30, 0),
('10309', 42, 56.00, 2, 0),
('10309', 43, 184.00, 20, 0),
('10309', 71, 86.00, 3, 0),
('10310', 16, 69.50, 10, 0),
('10310', 62, 197.00, 5, 0),
('10311', 42, 56.00, 6, 0),
('10311', 69, 144.00, 7, 0),
('10312', 28, 182.00, 4, 0),
('10312', 43, 184.00, 24, 0),
('10312', 53, 131.00, 20, 0),
('10312', 75, 31.00, 10, 0),
('10313', 36, 76.00, 12, 0),
('10314', 32, 128.00, 40, 0.1),
('10314', 58, 53.00, 30, 0.1),
('10314', 62, 197.00, 25, 0.1),
('10315', 34, 56.00, 14, 0),
('10315', 70, 60.00, 30, 0),
('10316', 41, 38.50, 10, 0),
('10316', 62, 197.00, 70, 0),
('10317', 1, 72.00, 20, 0),
('10318', 41, 38.50, 20, 0),
('10318', 76, 72.00, 6, 0),
('10319', 17, 156.00, 8, 0),
('10319', 28, 182.00, 14, 0),
('10319', 76, 72.00, 30, 0),
('10320', 71, 86.00, 30, 0),
('10321', 35, 72.00, 10, 0),
('10322', 52, 28.00, 20, 0),
('10323', 15, 62.00, 5, 0),
('10323', 25, 56.00, 4, 0),
('10323', 39, 72.00, 4, 0),
('10324', 16, 69.50, 21, 0.15),
('10324', 35, 72.00, 70, 0.15),
('10324', 46, 48.00, 30, 0),
('10324', 59, 220.00, 40, 0.15),
('10324', 63, 175.50, 80, 0.15),
('10325', 6, 100.00, 6, 0),
('10325', 13, 24.00, 12, 0),
('10325', 14, 93.00, 9, 0),
('10325', 31, 50.00, 4, 0),
('10325', 72, 139.00, 40, 0),
('10326', 4, 88.00, 24, 0),
('10326', 57, 78.00, 16, 0),
('10326', 75, 31.00, 50, 0),
('10327', 2, 76.00, 25, 0.2),
('10327', 11, 84.00, 50, 0.2),
('10327', 30, 103.50, 35, 0.2),
('10327', 58, 53.00, 30, 0.2),
('10328', 59, 220.00, 9, 0),
('10328', 65, 84.00, 40, 0),
('10328', 68, 50.00, 10, 0),
('10329', 19, 36.50, 10, 0.05),
('10329', 30, 103.50, 8, 0.05),
('10329', 38, 1054.00, 20, 0.05),
('10329', 56, 152.00, 12, 0.05),
('10330', 26, 124.50, 50, 0.15),
('10330', 72, 139.00, 25, 0.15),
('10331', 54, 29.50, 15, 0),
('10332', 18, 250.00, 40, 0.2),
('10332', 42, 56.00, 10, 0.2),
('10332', 47, 38.00, 16, 0.2),
('10333', 14, 93.00, 10, 0),
('10333', 21, 40.00, 10, 0.1),
('10333', 71, 86.00, 40, 0.1),
('10334', 52, 28.00, 8, 0),
('10334', 68, 50.00, 10, 0),
('10335', 2, 76.00, 7, 0.2),
('10335', 31, 50.00, 25, 0.2),
('10335', 32, 128.00, 6, 0.2),
('10335', 51, 212.00, 48, 0.2),
('10336', 4, 88.00, 18, 0.1),
('10337', 23, 36.00, 40, 0),
('10337', 26, 124.50, 24, 0),
('10337', 36, 76.00, 20, 0),
('10337', 37, 104.00, 28, 0),
('10337', 72, 139.00, 25, 0),
('10338', 17, 156.00, 20, 0),
('10338', 30, 103.50, 15, 0),
('10339', 4, 88.00, 10, 0),
('10339', 17, 156.00, 70, 0.05),
('10339', 62, 197.00, 28, 0),
('10340', 18, 250.00, 20, 0.05),
('10340', 41, 38.50, 12, 0.05),
('10340', 43, 184.00, 40, 0.05),
('10341', 33, 10.00, 8, 0),
('10341', 59, 220.00, 9, 0.15),
('10342', 2, 76.00, 24, 0.2),
('10342', 31, 50.00, 56, 0.2),
('10342', 36, 76.00, 40, 0.2),
('10342', 55, 96.00, 40, 0.2),
('10343', 64, 133.00, 50, 0),
('10343', 68, 50.00, 4, 0.05),
('10343', 76, 72.00, 15, 0),
('10344', 4, 88.00, 35, 0),
('10344', 8, 160.00, 70, 0.25),
('10345', 8, 160.00, 70, 0),
('10345', 19, 36.50, 80, 0),
('10345', 42, 56.00, 9, 0),
('10346', 17, 156.00, 36, 0.1),
('10346', 56, 152.00, 20, 0),
('10347', 25, 56.00, 10, 0),
('10347', 39, 72.00, 50, 0.15),
('10347', 40, 73.50, 4, 0),
('10347', 75, 31.00, 6, 0.15),
('10348', 1, 72.00, 15, 0.15),
('10348', 23, 36.00, 25, 0),
('10349', 54, 29.50, 24, 0),
('10350', 50, 65.00, 15, 0.1),
('10350', 69, 144.00, 18, 0.1),
('10351', 38, 1054.00, 20, 0.05),
('10351', 41, 38.50, 13, 0),
('10351', 44, 77.50, 77, 0.05),
('10351', 65, 84.00, 10, 0.05),
('10352', 24, 18.00, 10, 0),
('10352', 54, 29.50, 20, 0.15),
('10353', 11, 84.00, 12, 0.2),
('10353', 38, 1054.00, 50, 0.2),
('10354', 1, 72.00, 12, 0),
('10354', 29, 495.00, 4, 0),
('10355', 24, 18.00, 25, 0),
('10355', 57, 78.00, 25, 0),
('10356', 31, 50.00, 30, 0),
('10356', 55, 96.00, 12, 0),
('10356', 69, 144.00, 20, 0),
('10357', 10, 124.00, 30, 0.2),
('10357', 26, 124.50, 16, 0),
('10357', 60, 136.00, 8, 0.2),
('10358', 24, 18.00, 10, 0.05),
('10358', 34, 56.00, 10, 0.05),
('10358', 36, 76.00, 20, 0.05),
('10359', 16, 69.50, 56, 0.05),
('10359', 31, 50.00, 70, 0.05),
('10359', 60, 136.00, 80, 0.05),
('10360', 28, 182.00, 30, 0),
('10360', 29, 495.00, 35, 0),
('10360', 38, 1054.00, 10, 0),
('10360', 49, 80.00, 35, 0),
('10360', 54, 29.50, 28, 0),
('10361', 39, 72.00, 54, 0.1),
('10361', 60, 136.00, 55, 0.1),
('10362', 25, 56.00, 50, 0),
('10362', 51, 212.00, 20, 0),
('10362', 54, 29.50, 24, 0),
('10363', 31, 50.00, 20, 0),
('10363', 75, 31.00, 12, 0),
('10363', 76, 72.00, 12, 0),
('10364', 69, 144.00, 30, 0),
('10364', 71, 86.00, 5, 0),
('10365', 11, 84.00, 24, 0),
('10366', 65, 84.00, 5, 0),
('10366', 77, 52.00, 5, 0),
('10367', 34, 56.00, 36, 0),
('10367', 54, 29.50, 18, 0),
('10367', 65, 84.00, 15, 0),
('10367', 77, 52.00, 7, 0),
('10368', 21, 40.00, 5, 0.1),
('10368', 28, 182.00, 13, 0.1),
('10368', 57, 78.00, 25, 0),
('10368', 64, 133.00, 35, 0.1),
('10369', 29, 495.00, 20, 0),
('10369', 56, 152.00, 18, 0.25),
('10370', 1, 72.00, 15, 0.15),
('10370', 64, 133.00, 30, 0),
('10370', 74, 40.00, 20, 0.15),
('10371', 36, 76.00, 6, 0.2),
('10372', 20, 324.00, 12, 0.25),
('10372', 38, 1054.00, 40, 0.25),
('10372', 60, 136.00, 70, 0.25),
('10372', 72, 139.00, 42, 0.25),
('10373', 58, 53.00, 80, 0.2),
('10373', 71, 86.00, 50, 0.2),
('10374', 31, 50.00, 30, 0),
('10374', 58, 53.00, 15, 0),
('10375', 14, 93.00, 15, 0),
('10375', 54, 29.50, 10, 0),
('10376', 31, 50.00, 42, 0.05),
('10377', 28, 182.00, 20, 0.15),
('10377', 39, 72.00, 20, 0.15),
('10378', 71, 86.00, 6, 0),
('10379', 41, 38.50, 8, 0.1),
('10379', 63, 175.50, 16, 0.1),
('10379', 65, 84.00, 20, 0.1),
('10380', 30, 103.50, 18, 0.1),
('10380', 53, 131.00, 20, 0.1),
('10380', 60, 136.00, 6, 0.1),
('10380', 70, 60.00, 30, 0),
('10381', 74, 40.00, 14, 0),
('10382', 5, 85.00, 32, 0),
('10382', 18, 250.00, 9, 0),
('10382', 29, 495.00, 14, 0),
('10382', 33, 10.00, 60, 0),
('10382', 74, 40.00, 50, 0),
('10383', 13, 24.00, 20, 0),
('10383', 50, 65.00, 15, 0),
('10383', 56, 152.00, 20, 0),
('10384', 20, 324.00, 28, 0),
('10384', 60, 136.00, 15, 0),
('10385', 7, 120.00, 10, 0.2),
('10385', 60, 136.00, 20, 0.2),
('10385', 68, 50.00, 8, 0.2),
('10386', 24, 18.00, 15, 0),
('10386', 34, 56.00, 10, 0),
('10387', 24, 18.00, 15, 0),
('10387', 28, 182.00, 6, 0),
('10387', 59, 220.00, 12, 0),
('10387', 71, 86.00, 15, 0),
('10388', 45, 38.00, 15, 0.2),
('10388', 52, 28.00, 20, 0.2),
('10388', 53, 131.00, 40, 0),
('10389', 10, 124.00, 16, 0),
('10389', 55, 96.00, 15, 0),
('10389', 62, 197.00, 20, 0),
('10389', 70, 60.00, 30, 0),
('10390', 31, 50.00, 60, 0.1),
('10390', 35, 72.00, 40, 0.1),
('10390', 46, 48.00, 45, 0),
('10390', 72, 139.00, 24, 0.1),
('10391', 13, 24.00, 18, 0),
('10392', 69, 144.00, 50, 0),
('10393', 2, 76.00, 25, 0.25),
('10393', 14, 93.00, 42, 0.25),
('10393', 25, 56.00, 7, 0.25),
('10393', 26, 124.50, 70, 0.25),
('10393', 31, 50.00, 32, 0),
('10394', 13, 24.00, 10, 0),
('10394', 62, 197.00, 10, 0),
('10395', 46, 48.00, 28, 0.1),
('10395', 53, 131.00, 70, 0.1),
('10395', 69, 144.00, 8, 0),
('10396', 23, 36.00, 40, 0),
('10396', 71, 86.00, 60, 0),
('10396', 72, 139.00, 21, 0),
('10397', 21, 40.00, 10, 0.15),
('10397', 51, 212.00, 18, 0.15),
('10398', 35, 72.00, 30, 0),
('10398', 55, 96.00, 120, 0.1),
('10399', 68, 50.00, 60, 0),
('10399', 71, 86.00, 30, 0),
('10399', 76, 72.00, 35, 0),
('10399', 77, 52.00, 14, 0),
('10400', 29, 495.00, 21, 0),
('10400', 35, 72.00, 35, 0),
('10400', 49, 80.00, 30, 0),
('10401', 30, 103.50, 18, 0),
('10401', 56, 152.00, 70, 0),
('10401', 65, 84.00, 20, 0),
('10401', 71, 86.00, 60, 0),
('10402', 23, 36.00, 60, 0),
('10402', 63, 175.50, 65, 0),
('10403', 16, 69.50, 21, 0.15),
('10403', 48, 51.00, 70, 0.15),
('10404', 26, 124.50, 30, 0.05),
('10404', 42, 56.00, 40, 0.05),
('10404', 49, 80.00, 30, 0.05),
('10405', 3, 40.00, 50, 0),
('10406', 1, 72.00, 10, 0),
('10406', 21, 40.00, 30, 0.1),
('10406', 28, 182.00, 42, 0.1),
('10406', 36, 76.00, 5, 0.1),
('10406', 40, 73.50, 2, 0.1),
('10407', 11, 84.00, 30, 0),
('10407', 69, 144.00, 15, 0),
('10407', 71, 86.00, 15, 0),
('10408', 37, 104.00, 10, 0),
('10408', 54, 29.50, 6, 0),
('10408', 62, 197.00, 35, 0),
('10409', 14, 93.00, 12, 0),
('10409', 21, 40.00, 12, 0),
('10410', 33, 10.00, 49, 0),
('10410', 59, 220.00, 16, 0),
('10411', 41, 38.50, 25, 0.2),
('10411', 44, 77.50, 40, 0.2),
('10411', 59, 220.00, 9, 0.2),
('10412', 14, 93.00, 20, 0.1),
('10413', 1, 72.00, 24, 0),
('10413', 62, 197.00, 40, 0),
('10413', 76, 72.00, 14, 0),
('10414', 19, 36.50, 18, 0.05),
('10414', 33, 10.00, 50, 0),
('10415', 17, 156.00, 2, 0),
('10415', 33, 10.00, 20, 0),
('10416', 19, 36.50, 20, 0),
('10416', 53, 131.00, 10, 0),
('10416', 57, 78.00, 20, 0),
('10417', 38, 1054.00, 50, 0),
('10417', 46, 48.00, 2, 0.25),
('10417', 68, 50.00, 36, 0.25),
('10417', 77, 52.00, 35, 0),
('10418', 2, 76.00, 60, 0),
('10418', 47, 38.00, 55, 0),
('10418', 61, 114.00, 16, 0),
('10418', 74, 40.00, 15, 0),
('10419', 60, 136.00, 60, 0.05),
('10419', 69, 144.00, 20, 0.05),
('10420', 9, 388.00, 20, 0.1),
('10420', 13, 24.00, 2, 0.1),
('10420', 70, 60.00, 8, 0.1),
('10420', 73, 60.00, 20, 0.1),
('10421', 19, 36.50, 4, 0.15),
('10421', 26, 124.50, 30, 0),
('10421', 53, 131.00, 15, 0.15),
('10421', 77, 52.00, 10, 0.15),
('10422', 26, 124.50, 2, 0),
('10423', 31, 50.00, 14, 0),
('10423', 59, 220.00, 20, 0),
('10424', 35, 72.00, 60, 0.2),
('10424', 38, 1054.00, 49, 0.2),
('10424', 68, 50.00, 30, 0.2),
('10425', 55, 96.00, 10, 0.25),
('10425', 76, 72.00, 20, 0.25),
('10426', 56, 152.00, 5, 0),
('10426', 64, 133.00, 7, 0),
('10427', 14, 93.00, 35, 0),
('10428', 46, 48.00, 20, 0),
('10429', 50, 65.00, 40, 0),
('10429', 63, 175.50, 35, 0.25),
('10430', 17, 156.00, 45, 0.2),
('10430', 21, 40.00, 50, 0),
('10430', 56, 152.00, 30, 0),
('10430', 59, 220.00, 70, 0.2),
('10431', 17, 156.00, 50, 0.25),
('10431', 40, 73.50, 50, 0.25),
('10431', 47, 38.00, 30, 0.25),
('10432', 26, 124.50, 10, 0),
('10432', 54, 29.50, 40, 0),
('10433', 56, 152.00, 28, 0),
('10434', 11, 84.00, 6, 0),
('10434', 76, 72.00, 18, 0.15),
('10435', 2, 76.00, 10, 0),
('10435', 22, 84.00, 12, 0),
('10435', 72, 139.00, 10, 0),
('10436', 46, 48.00, 5, 0),
('10436', 56, 152.00, 40, 0.1),
('10436', 64, 133.00, 30, 0.1),
('10436', 75, 31.00, 24, 0.1),
('10437', 53, 131.00, 15, 0),
('10438', 19, 36.50, 15, 0.2),
('10438', 34, 56.00, 20, 0.2),
('10438', 57, 78.00, 15, 0.2),
('10439', 12, 152.00, 15, 0),
('10439', 16, 69.50, 16, 0),
('10439', 64, 133.00, 6, 0),
('10439', 74, 40.00, 30, 0),
('10440', 2, 76.00, 45, 0.15),
('10440', 16, 69.50, 49, 0.15),
('10440', 29, 495.00, 24, 0.15),
('10440', 61, 114.00, 90, 0.15),
('10441', 27, 175.50, 50, 0),
('10442', 11, 84.00, 30, 0),
('10442', 54, 29.50, 80, 0),
('10442', 66, 68.00, 60, 0),
('10443', 11, 84.00, 6, 0.2),
('10443', 28, 182.00, 12, 0),
('10444', 17, 156.00, 10, 0),
('10444', 26, 124.50, 15, 0),
('10444', 35, 72.00, 8, 0),
('10444', 41, 38.50, 30, 0),
('10445', 39, 72.00, 6, 0),
('10445', 54, 29.50, 15, 0),
('10446', 19, 36.50, 12, 0.1),
('10446', 24, 18.00, 20, 0.1),
('10446', 31, 50.00, 3, 0.1),
('10446', 52, 28.00, 15, 0.1),
('10447', 19, 36.50, 40, 0),
('10447', 65, 84.00, 35, 0),
('10447', 71, 86.00, 2, 0),
('10448', 26, 124.50, 6, 0),
('10448', 40, 73.50, 20, 0),
('10449', 10, 124.00, 14, 0),
('10449', 52, 28.00, 20, 0),
('10449', 62, 197.00, 35, 0),
('10450', 10, 124.00, 20, 0.2),
('10450', 54, 29.50, 6, 0.2),
('10451', 55, 96.00, 120, 0.1),
('10451', 64, 133.00, 35, 0.1),
('10451', 65, 84.00, 28, 0.1),
('10451', 77, 52.00, 55, 0.1),
('10452', 28, 182.00, 15, 0),
('10452', 44, 77.50, 100, 0.05),
('10453', 48, 51.00, 15, 0.1),
('10453', 70, 60.00, 25, 0.1),
('10454', 16, 69.50, 20, 0.2),
('10454', 33, 10.00, 20, 0.2),
('10454', 46, 48.00, 10, 0.2),
('10455', 39, 72.00, 20, 0),
('10455', 53, 131.00, 50, 0),
('10455', 61, 114.00, 25, 0),
('10455', 71, 86.00, 30, 0),
('10456', 21, 40.00, 40, 0.15),
('10456', 49, 80.00, 21, 0.15),
('10457', 59, 220.00, 36, 0),
('10458', 26, 124.50, 30, 0),
('10458', 28, 182.00, 30, 0),
('10458', 43, 184.00, 20, 0),
('10458', 56, 152.00, 15, 0),
('10458', 71, 86.00, 50, 0),
('10459', 7, 120.00, 16, 0.05),
('10459', 46, 48.00, 20, 0.05),
('10459', 72, 139.00, 40, 0),
('10460', 68, 50.00, 21, 0.25),
('10460', 75, 31.00, 4, 0.25),
('10461', 21, 40.00, 40, 0.25),
('10461', 30, 103.50, 28, 0.25),
('10461', 55, 96.00, 60, 0.25),
('10462', 13, 24.00, 1, 0),
('10462', 23, 36.00, 21, 0),
('10463', 19, 36.50, 21, 0),
('10463', 42, 56.00, 50, 0),
('10464', 4, 88.00, 16, 0.2),
('10464', 43, 184.00, 3, 0),
('10464', 56, 152.00, 30, 0.2),
('10464', 60, 136.00, 20, 0),
('10465', 24, 18.00, 25, 0),
('10465', 29, 495.00, 18, 0.1),
('10465', 40, 73.50, 20, 0),
('10465', 45, 38.00, 30, 0.1),
('10465', 50, 65.00, 25, 0),
('10466', 11, 84.00, 10, 0),
('10466', 46, 48.00, 5, 0),
('10467', 24, 18.00, 28, 0),
('10467', 25, 56.00, 12, 0),
('10468', 30, 103.50, 8, 0),
('10468', 43, 184.00, 15, 0),
('10469', 2, 76.00, 40, 0.15),
('10469', 16, 69.50, 35, 0.15),
('10469', 44, 77.50, 2, 0.15),
('10470', 18, 250.00, 30, 0),
('10470', 23, 36.00, 15, 0),
('10470', 64, 133.00, 8, 0),
('10471', 7, 120.00, 30, 0),
('10471', 56, 152.00, 20, 0),
('10472', 24, 18.00, 80, 0.05),
('10472', 51, 212.00, 18, 0),
('10473', 33, 10.00, 12, 0),
('10473', 71, 86.00, 12, 0),
('10474', 14, 93.00, 12, 0),
('10474', 28, 182.00, 18, 0),
('10474', 40, 73.50, 21, 0),
('10474', 75, 31.00, 10, 0),
('10475', 31, 50.00, 35, 0.15),
('10475', 66, 68.00, 60, 0.15),
('10475', 76, 72.00, 42, 0.15),
('10476', 55, 96.00, 2, 0.05),
('10476', 70, 60.00, 12, 0),
('10477', 1, 72.00, 15, 0),
('10477', 21, 40.00, 21, 0.25),
('10477', 39, 72.00, 20, 0.25),
('10478', 10, 124.00, 20, 0.05),
('10479', 38, 1054.00, 30, 0),
('10479', 53, 131.00, 28, 0),
('10479', 59, 220.00, 60, 0),
('10479', 64, 133.00, 30, 0),
('10480', 47, 38.00, 30, 0),
('10480', 59, 220.00, 12, 0),
('10481', 49, 80.00, 24, 0),
('10481', 60, 136.00, 40, 0),
('10482', 40, 73.50, 10, 0),
('10483', 34, 56.00, 35, 0.05),
('10483', 77, 52.00, 30, 0.05),
('10484', 21, 40.00, 14, 0),
('10484', 40, 73.50, 10, 0),
('10484', 51, 212.00, 3, 0),
('10485', 2, 76.00, 20, 0.1),
('10485', 3, 40.00, 20, 0.1),
('10485', 55, 96.00, 30, 0.1),
('10485', 70, 60.00, 60, 0.1),
('10486', 11, 84.00, 5, 0),
('10486', 51, 212.00, 25, 0),
('10486', 74, 40.00, 16, 0),
('10487', 19, 36.50, 5, 0),
('10487', 26, 124.50, 30, 0),
('10487', 54, 29.50, 24, 0.25),
('10488', 59, 220.00, 30, 0),
('10488', 73, 60.00, 20, 0.2),
('10489', 11, 84.00, 15, 0.25),
('10489', 16, 69.50, 18, 0),
('10490', 59, 220.00, 60, 0),
('10490', 68, 50.00, 30, 0),
('10490', 75, 31.00, 36, 0),
('10491', 44, 77.50, 15, 0.15),
('10491', 77, 52.00, 7, 0.15),
('10492', 25, 56.00, 60, 0.05),
('10492', 42, 56.00, 20, 0.05),
('10493', 65, 84.00, 15, 0.1),
('10493', 66, 68.00, 10, 0.1),
('10493', 69, 144.00, 10, 0.1),
('10494', 56, 152.00, 30, 0),
('10495', 23, 36.00, 10, 0),
('10495', 41, 38.50, 20, 0),
('10495', 77, 52.00, 5, 0),
('10496', 31, 50.00, 20, 0.05),
('10497', 56, 152.00, 14, 0),
('10497', 72, 139.00, 25, 0),
('10497', 77, 52.00, 25, 0),
('10498', 24, 22.50, 14, 0),
('10498', 40, 92.00, 5, 0),
('10498', 42, 70.00, 30, 0),
('10499', 28, 228.00, 20, 0),
('10499', 49, 100.00, 25, 0),
('10500', 15, 77.50, 12, 0.05),
('10500', 28, 228.00, 8, 0.05),
('10501', 54, 37.25, 20, 0),
('10502', 45, 47.50, 21, 0),
('10502', 53, 164.00, 6, 0),
('10502', 67, 70.00, 30, 0),
('10503', 14, 116.25, 70, 0),
('10503', 65, 105.25, 20, 0),
('10504', 2, 95.00, 12, 0),
('10504', 21, 50.00, 12, 0),
('10504', 53, 164.00, 10, 0),
('10504', 61, 142.50, 25, 0),
('10505', 62, 246.50, 3, 0),
('10506', 25, 70.00, 18, 0.1),
('10506', 70, 75.00, 14, 0.1),
('10507', 43, 230.00, 15, 0.15),
('10507', 48, 63.75, 15, 0.15),
('10508', 13, 30.00, 10, 0),
('10508', 39, 90.00, 10, 0),
('10509', 28, 228.00, 3, 0),
('10510', 29, 618.95, 36, 0),
('10510', 75, 38.75, 36, 0.1),
('10511', 4, 110.00, 50, 0.15),
('10511', 7, 150.00, 50, 0.15),
('10511', 8, 200.00, 10, 0.15),
('10512', 24, 22.50, 10, 0.15),
('10512', 46, 60.00, 9, 0.15),
('10512', 47, 47.50, 6, 0.15),
('10512', 60, 170.00, 12, 0.15),
('10513', 21, 50.00, 40, 0.2),
('10513', 32, 160.00, 50, 0.2),
('10513', 61, 142.50, 15, 0.2),
('10514', 20, 405.00, 39, 0),
('10514', 28, 228.00, 35, 0),
('10514', 56, 190.00, 70, 0),
('10514', 65, 105.25, 39, 0),
('10514', 75, 38.75, 50, 0),
('10515', 9, 485.00, 16, 0.15),
('10515', 16, 87.25, 50, 0),
('10515', 27, 219.50, 120, 0),
('10515', 33, 12.50, 16, 0.15),
('10515', 60, 170.00, 84, 0.15),
('10516', 18, 312.50, 25, 0.1),
('10516', 41, 48.25, 80, 0.1),
('10516', 42, 70.00, 20, 0),
('10517', 52, 35.00, 6, 0),
('10517', 59, 275.00, 4, 0),
('10517', 70, 75.00, 6, 0),
('10518', 24, 22.50, 5, 0),
('10518', 38, 1317.50, 15, 0),
('10518', 44, 97.25, 9, 0),
('10519', 10, 155.00, 16, 0.05),
('10519', 56, 190.00, 40, 0),
('10519', 60, 170.00, 10, 0.05),
('10520', 24, 22.50, 8, 0),
('10520', 53, 164.00, 5, 0),
('10521', 35, 90.00, 3, 0),
('10521', 41, 48.25, 10, 0),
('10521', 68, 62.50, 6, 0),
('10522', 1, 90.00, 40, 0.2),
('10522', 8, 200.00, 24, 0),
('10522', 30, 129.45, 20, 0.2),
('10522', 40, 92.00, 25, 0.2),
('10523', 17, 195.00, 25, 0.1),
('10523', 20, 405.00, 15, 0.1),
('10523', 37, 130.00, 18, 0.1),
('10523', 41, 48.25, 6, 0.1),
('10524', 10, 155.00, 2, 0),
('10524', 30, 129.45, 10, 0),
('10524', 43, 230.00, 60, 0),
('10524', 54, 37.25, 15, 0),
('10525', 36, 95.00, 30, 0),
('10525', 40, 92.00, 15, 0.1),
('10526', 1, 90.00, 8, 0.15),
('10526', 13, 30.00, 10, 0),
('10526', 56, 190.00, 30, 0.15),
('10527', 4, 110.00, 50, 0.1),
('10527', 36, 95.00, 30, 0.1),
('10528', 11, 105.00, 3, 0),
('10528', 33, 12.50, 8, 0.2),
('10528', 72, 174.00, 9, 0),
('10529', 55, 120.00, 14, 0),
('10529', 68, 62.50, 20, 0),
('10529', 69, 180.00, 10, 0),
('10530', 17, 195.00, 40, 0),
('10530', 43, 230.00, 25, 0),
('10530', 61, 142.50, 20, 0),
('10530', 76, 90.00, 50, 0),
('10531', 59, 275.00, 2, 0),
('10532', 30, 129.45, 15, 0),
('10532', 66, 85.00, 24, 0),
('10533', 4, 110.00, 50, 0.05),
('10533', 72, 174.00, 24, 0),
('10533', 73, 75.00, 24, 0.05),
('10534', 30, 129.45, 10, 0),
('10534', 40, 92.00, 10, 0.2),
('10534', 54, 37.25, 10, 0.2),
('10535', 11, 105.00, 50, 0.1),
('10535', 40, 92.00, 10, 0.1),
('10535', 57, 97.50, 5, 0.1),
('10535', 59, 275.00, 15, 0.1),
('10536', 12, 190.00, 15, 0.25),
('10536', 31, 62.50, 20, 0),
('10536', 33, 12.50, 30, 0),
('10536', 60, 170.00, 35, 0.25),
('10537', 31, 62.50, 30, 0),
('10537', 51, 265.00, 6, 0),
('10537', 58, 66.25, 20, 0),
('10537', 72, 174.00, 21, 0),
('10537', 73, 75.00, 9, 0),
('10538', 70, 75.00, 7, 0),
('10538', 72, 174.00, 1, 0),
('10539', 13, 30.00, 8, 0),
('10539', 21, 50.00, 15, 0),
('10539', 33, 12.50, 15, 0),
('10539', 49, 100.00, 6, 0),
('10540', 3, 50.00, 60, 0),
('10540', 26, 156.15, 40, 0),
('10540', 38, 1317.50, 30, 0),
('10540', 68, 62.50, 35, 0),
('10541', 24, 22.50, 35, 0.1),
('10541', 38, 1317.50, 4, 0.1),
('10541', 65, 105.25, 36, 0.1),
('10541', 71, 107.50, 9, 0.1),
('10542', 11, 105.00, 15, 0.05),
('10542', 54, 37.25, 24, 0.05),
('10543', 12, 190.00, 30, 0.15),
('10543', 23, 45.00, 70, 0.15),
('10544', 28, 228.00, 7, 0),
('10544', 67, 70.00, 7, 0),
('10545', 11, 105.00, 10, 0),
('10546', 7, 150.00, 10, 0),
('10546', 35, 90.00, 30, 0),
('10546', 62, 246.50, 40, 0),
('10547', 32, 160.00, 24, 0.15),
('10547', 36, 95.00, 60, 0),
('10548', 34, 70.00, 10, 0.25),
('10548', 41, 48.25, 14, 0),
('10549', 31, 62.50, 55, 0.15),
('10549', 45, 47.50, 100, 0.15),
('10549', 51, 265.00, 48, 0.15),
('10550', 17, 195.00, 8, 0.1),
('10550', 19, 46.00, 10, 0),
('10550', 21, 50.00, 6, 0.1),
('10550', 61, 142.50, 10, 0.1),
('10551', 16, 87.25, 40, 0.15),
('10551', 35, 90.00, 20, 0.15),
('10551', 44, 97.25, 40, 0),
('10552', 69, 180.00, 18, 0),
('10552', 75, 38.75, 30, 0),
('10553', 11, 105.00, 15, 0),
('10553', 16, 87.25, 14, 0),
('10553', 22, 105.00, 24, 0),
('10553', 31, 62.50, 30, 0),
('10553', 35, 90.00, 6, 0),
('10554', 16, 87.25, 30, 0.05),
('10554', 23, 45.00, 20, 0.05),
('10554', 62, 246.50, 20, 0.05),
('10554', 77, 65.00, 10, 0.05),
('10555', 14, 116.25, 30, 0.2),
('10555', 19, 46.00, 35, 0.2),
('10555', 24, 22.50, 18, 0.2),
('10555', 51, 265.00, 20, 0.2),
('10555', 56, 190.00, 40, 0.2),
('10556', 72, 174.00, 24, 0),
('10557', 64, 166.25, 30, 0),
('10557', 75, 38.75, 20, 0),
('10558', 47, 47.50, 25, 0),
('10558', 51, 265.00, 20, 0),
('10558', 52, 35.00, 30, 0),
('10558', 53, 164.00, 18, 0),
('10558', 73, 75.00, 3, 0),
('10559', 41, 48.25, 12, 0.05),
('10559', 55, 120.00, 18, 0.05),
('10560', 30, 129.45, 20, 0),
('10560', 62, 246.50, 15, 0.25),
('10561', 44, 97.25, 10, 0),
('10561', 51, 265.00, 50, 0),
('10562', 33, 12.50, 20, 0.1),
('10562', 62, 246.50, 10, 0.1),
('10563', 36, 95.00, 25, 0),
('10563', 52, 35.00, 70, 0),
('10564', 17, 195.00, 16, 0.05),
('10564', 31, 62.50, 6, 0.05),
('10564', 55, 120.00, 25, 0.05),
('10565', 24, 22.50, 25, 0.1),
('10565', 64, 166.25, 18, 0.1),
('10566', 11, 105.00, 35, 0.15),
('10566', 18, 312.50, 18, 0.15),
('10566', 76, 90.00, 10, 0),
('10567', 31, 62.50, 60, 0.2),
('10567', 51, 265.00, 3, 0),
('10567', 59, 275.00, 40, 0.2),
('10568', 10, 155.00, 5, 0),
('10569', 31, 62.50, 35, 0.2),
('10569', 76, 90.00, 30, 0),
('10570', 11, 105.00, 15, 0.05),
('10570', 56, 190.00, 60, 0.05),
('10571', 14, 116.25, 11, 0.15),
('10571', 42, 70.00, 28, 0.15),
('10572', 16, 87.25, 12, 0.1),
('10572', 32, 160.00, 10, 0.1),
('10572', 40, 92.00, 50, 0),
('10572', 75, 38.75, 15, 0.1),
('10573', 17, 195.00, 18, 0),
('10573', 34, 70.00, 40, 0),
('10573', 53, 164.00, 25, 0),
('10574', 33, 12.50, 14, 0),
('10574', 40, 92.00, 2, 0),
('10574', 62, 246.50, 10, 0),
('10574', 64, 166.25, 6, 0),
('10575', 59, 275.00, 12, 0),
('10575', 63, 219.50, 6, 0),
('10575', 72, 174.00, 30, 0),
('10575', 76, 90.00, 10, 0),
('10576', 1, 90.00, 10, 0),
('10576', 31, 62.50, 20, 0),
('10576', 44, 97.25, 21, 0),
('10577', 39, 90.00, 10, 0),
('10577', 75, 38.75, 20, 0),
('10577', 77, 65.00, 18, 0),
('10578', 35, 90.00, 20, 0),
('10578', 57, 97.50, 6, 0),
('10579', 15, 77.50, 10, 0),
('10579', 75, 38.75, 21, 0),
('10580', 14, 116.25, 15, 0.05),
('10580', 41, 48.25, 9, 0.05),
('10580', 65, 105.25, 30, 0.05),
('10581', 75, 38.75, 50, 0.2),
('10582', 57, 97.50, 4, 0),
('10582', 76, 90.00, 14, 0),
('10583', 29, 618.95, 10, 0),
('10583', 60, 170.00, 24, 0.15),
('10583', 69, 180.00, 10, 0.15),
('10584', 31, 62.50, 50, 0.05),
('10585', 47, 47.50, 15, 0),
('10586', 52, 35.00, 4, 0.15),
('10587', 26, 156.15, 6, 0),
('10587', 35, 90.00, 20, 0),
('10587', 77, 65.00, 20, 0),
('10588', 18, 312.50, 40, 0.2),
('10588', 42, 70.00, 100, 0.2),
('10589', 35, 90.00, 4, 0),
('10590', 1, 90.00, 20, 0),
('10590', 77, 65.00, 60, 0.05),
('10591', 3, 50.00, 14, 0),
('10591', 7, 150.00, 10, 0),
('10591', 54, 37.25, 50, 0),
('10592', 15, 77.50, 25, 0.05),
('10592', 26, 156.15, 5, 0.05),
('10593', 20, 405.00, 21, 0.2),
('10593', 69, 180.00, 20, 0.2),
('10593', 76, 90.00, 4, 0.2),
('10594', 52, 35.00, 24, 0),
('10594', 58, 66.25, 30, 0),
('10595', 35, 90.00, 30, 0.25),
('10595', 61, 142.50, 120, 0.25),
('10595', 69, 180.00, 65, 0.25),
('10596', 56, 190.00, 5, 0.2),
('10596', 63, 219.50, 24, 0.2),
('10596', 75, 38.75, 30, 0.2),
('10597', 24, 22.50, 35, 0.2),
('10597', 57, 97.50, 20, 0),
('10597', 65, 105.25, 12, 0.2),
('10598', 27, 219.50, 50, 0),
('10598', 71, 107.50, 9, 0),
('10599', 62, 246.50, 10, 0),
('10600', 54, 37.25, 4, 0),
('10600', 73, 75.00, 30, 0),
('10601', 13, 30.00, 60, 0),
('10601', 59, 275.00, 35, 0),
('10602', 77, 65.00, 5, 0.25),
('10603', 22, 105.00, 48, 0),
('10603', 49, 100.00, 25, 0.05),
('10604', 48, 63.75, 6, 0.1),
('10604', 76, 90.00, 10, 0.1),
('10605', 16, 87.25, 30, 0.05),
('10605', 59, 275.00, 20, 0.05),
('10605', 60, 170.00, 70, 0.05),
('10605', 71, 107.50, 15, 0.05),
('10606', 4, 110.00, 20, 0.2),
('10606', 55, 120.00, 20, 0.2),
('10606', 62, 246.50, 10, 0.2),
('10607', 7, 150.00, 45, 0),
('10607', 17, 195.00, 100, 0),
('10607', 33, 12.50, 14, 0),
('10607', 40, 92.00, 42, 0),
('10607', 72, 174.00, 12, 0),
('10608', 56, 190.00, 28, 0),
('10609', 1, 90.00, 3, 0),
('10609', 10, 155.00, 10, 0),
('10609', 21, 50.00, 6, 0),
('10610', 36, 95.00, 21, 0.25),
('10611', 1, 90.00, 6, 0),
('10611', 2, 95.00, 10, 0),
('10611', 60, 170.00, 15, 0),
('10612', 10, 155.00, 70, 0),
('10612', 36, 95.00, 55, 0),
('10612', 49, 100.00, 18, 0),
('10612', 60, 170.00, 40, 0),
('10612', 76, 90.00, 80, 0),
('10613', 13, 30.00, 8, 0.1),
('10613', 75, 38.75, 40, 0),
('10614', 11, 105.00, 14, 0),
('10614', 21, 50.00, 8, 0),
('10614', 39, 90.00, 5, 0),
('10615', 55, 120.00, 5, 0),
('10616', 38, 1317.50, 15, 0.05),
('10616', 56, 190.00, 14, 0),
('10616', 70, 75.00, 15, 0.05),
('10616', 71, 107.50, 15, 0.05),
('10617', 59, 275.00, 30, 0.15),
('10618', 6, 125.00, 70, 0),
('10618', 56, 190.00, 20, 0),
('10618', 68, 62.50, 15, 0),
('10619', 21, 50.00, 42, 0),
('10619', 22, 105.00, 40, 0),
('10620', 24, 22.50, 5, 0),
('10620', 52, 35.00, 5, 0),
('10621', 19, 46.00, 5, 0),
('10621', 23, 45.00, 10, 0),
('10621', 70, 75.00, 20, 0),
('10621', 71, 107.50, 15, 0),
('10622', 2, 95.00, 20, 0),
('10622', 68, 62.50, 18, 0.2),
('10623', 14, 116.25, 21, 0),
('10623', 19, 46.00, 15, 0.1),
('10623', 21, 50.00, 25, 0.1),
('10623', 24, 22.50, 3, 0),
('10623', 35, 90.00, 30, 0.1),
('10624', 28, 228.00, 10, 0),
('10624', 29, 618.95, 6, 0),
('10624', 44, 97.25, 10, 0),
('10625', 14, 116.25, 3, 0),
('10625', 42, 70.00, 5, 0),
('10625', 60, 170.00, 10, 0),
('10626', 53, 164.00, 12, 0),
('10626', 60, 170.00, 20, 0),
('10626', 71, 107.50, 20, 0),
('10627', 62, 246.50, 15, 0),
('10627', 73, 75.00, 35, 0.15),
('10628', 1, 90.00, 25, 0),
('10629', 29, 618.95, 20, 0),
('10629', 64, 166.25, 9, 0),
('10630', 55, 120.00, 12, 0.05),
('10630', 76, 90.00, 35, 0),
('10631', 75, 38.75, 8, 0.1),
('10632', 2, 95.00, 30, 0.05),
('10632', 33, 12.50, 20, 0.05),
('10633', 12, 190.00, 36, 0.15),
('10633', 13, 30.00, 13, 0.15),
('10633', 26, 156.15, 35, 0.15),
('10633', 62, 246.50, 80, 0.15),
('10634', 7, 150.00, 35, 0),
('10634', 18, 312.50, 50, 0),
('10634', 51, 265.00, 15, 0),
('10634', 75, 38.75, 2, 0),
('10635', 4, 110.00, 10, 0.1),
('10635', 5, 106.75, 15, 0.1),
('10635', 22, 105.00, 40, 0),
('10636', 4, 110.00, 25, 0),
('10636', 58, 66.25, 6, 0),
('10637', 11, 105.00, 10, 0),
('10637', 50, 81.25, 25, 0.05),
('10637', 56, 190.00, 60, 0.05),
('10638', 45, 47.50, 20, 0),
('10638', 65, 105.25, 21, 0),
('10638', 72, 174.00, 60, 0),
('10639', 18, 312.50, 8, 0),
('10640', 69, 180.00, 20, 0.25),
('10640', 70, 75.00, 15, 0.25),
('10641', 2, 95.00, 50, 0),
('10641', 40, 92.00, 60, 0),
('10642', 21, 50.00, 30, 0.2),
('10642', 61, 142.50, 20, 0.2),
('10643', 28, 228.00, 15, 0.25),
('10643', 39, 90.00, 21, 0.25),
('10643', 46, 60.00, 2, 0.25),
('10644', 18, 312.50, 4, 0.1),
('10644', 43, 230.00, 20, 0),
('10644', 46, 60.00, 21, 0.1),
('10645', 18, 312.50, 20, 0),
('10645', 36, 95.00, 15, 0),
('10646', 1, 90.00, 15, 0.25),
('10646', 10, 155.00, 18, 0.25),
('10646', 71, 107.50, 30, 0.25),
('10646', 77, 65.00, 35, 0.25),
('10647', 19, 46.00, 30, 0),
('10647', 39, 90.00, 20, 0),
('10648', 22, 105.00, 15, 0),
('10648', 24, 22.50, 15, 0.15),
('10649', 28, 228.00, 20, 0),
('10649', 72, 174.00, 15, 0),
('10650', 30, 129.45, 30, 0),
('10650', 53, 164.00, 25, 0.05),
('10650', 54, 37.25, 30, 0),
('10651', 19, 46.00, 12, 0.25),
('10651', 22, 105.00, 20, 0.25),
('10652', 30, 129.45, 2, 0.25),
('10652', 42, 70.00, 20, 0),
('10653', 16, 87.25, 30, 0.1),
('10653', 60, 170.00, 20, 0.1),
('10654', 4, 110.00, 12, 0.1),
('10654', 39, 90.00, 20, 0.1),
('10654', 54, 37.25, 6, 0.1),
('10655', 41, 48.25, 20, 0.2),
('10656', 14, 116.25, 3, 0.1),
('10656', 44, 97.25, 28, 0.1),
('10656', 47, 47.50, 6, 0.1),
('10657', 15, 77.50, 50, 0),
('10657', 41, 48.25, 24, 0),
('10657', 46, 60.00, 45, 0),
('10657', 47, 47.50, 10, 0),
('10657', 56, 190.00, 45, 0),
('10657', 60, 170.00, 30, 0),
('10658', 21, 50.00, 60, 0),
('10658', 40, 92.00, 70, 0.05),
('10658', 60, 170.00, 55, 0.05),
('10658', 77, 65.00, 70, 0.05),
('10659', 31, 62.50, 20, 0.05),
('10659', 40, 92.00, 24, 0.05),
('10659', 70, 75.00, 40, 0.05),
('10660', 20, 405.00, 21, 0),
('10661', 39, 90.00, 3, 0.2),
('10661', 58, 66.25, 49, 0.2),
('10662', 68, 62.50, 10, 0),
('10663', 40, 92.00, 30, 0.05),
('10663', 42, 70.00, 30, 0.05),
('10663', 51, 265.00, 20, 0.05),
('10664', 10, 155.00, 24, 0.15),
('10664', 56, 190.00, 12, 0.15),
('10664', 65, 105.25, 15, 0.15),
('10665', 51, 265.00, 20, 0),
('10665', 59, 275.00, 1, 0),
('10665', 76, 90.00, 10, 0),
('10666', 29, 618.95, 36, 0),
('10666', 65, 105.25, 10, 0),
('10667', 69, 180.00, 45, 0.2),
('10667', 71, 107.50, 14, 0.2),
('10668', 31, 62.50, 8, 0.1),
('10668', 55, 120.00, 4, 0.1),
('10668', 64, 166.25, 15, 0.1),
('10669', 36, 95.00, 30, 0),
('10670', 23, 45.00, 32, 0),
('10670', 46, 60.00, 60, 0),
('10670', 67, 70.00, 25, 0),
('10670', 73, 75.00, 50, 0),
('10670', 75, 38.75, 25, 0),
('10671', 16, 87.25, 10, 0),
('10671', 62, 246.50, 10, 0),
('10671', 65, 105.25, 12, 0),
('10672', 38, 1317.50, 15, 0.1),
('10672', 71, 107.50, 12, 0),
('10673', 16, 87.25, 3, 0),
('10673', 42, 70.00, 6, 0),
('10673', 43, 230.00, 6, 0),
('10674', 23, 45.00, 5, 0),
('10675', 14, 116.25, 30, 0),
('10675', 53, 164.00, 10, 0),
('10675', 58, 66.25, 30, 0),
('10676', 10, 155.00, 2, 0),
('10676', 19, 46.00, 7, 0),
('10676', 44, 97.25, 21, 0),
('10677', 26, 156.15, 30, 0.15),
('10677', 33, 12.50, 8, 0.15),
('10678', 12, 190.00, 100, 0),
('10678', 33, 12.50, 30, 0),
('10678', 41, 48.25, 120, 0),
('10678', 54, 37.25, 30, 0),
('10679', 59, 275.00, 12, 0),
('10680', 16, 87.25, 50, 0.25),
('10680', 31, 62.50, 20, 0.25),
('10680', 42, 70.00, 40, 0.25),
('10681', 19, 46.00, 30, 0.1),
('10681', 21, 50.00, 12, 0.1),
('10681', 64, 166.25, 28, 0),
('10682', 33, 12.50, 30, 0),
('10682', 66, 85.00, 4, 0),
('10682', 75, 38.75, 30, 0),
('10683', 52, 35.00, 9, 0),
('10684', 40, 92.00, 20, 0),
('10684', 47, 47.50, 40, 0),
('10684', 60, 170.00, 30, 0),
('10685', 10, 155.00, 20, 0),
('10685', 41, 48.25, 4, 0),
('10685', 47, 47.50, 15, 0),
('10686', 17, 195.00, 30, 0.2),
('10686', 26, 156.15, 15, 0),
('10687', 9, 485.00, 50, 0.25),
('10687', 29, 618.95, 10, 0),
('10687', 36, 95.00, 6, 0.25),
('10688', 10, 155.00, 18, 0.1),
('10688', 28, 228.00, 60, 0.1),
('10688', 34, 70.00, 14, 0),
('10689', 1, 90.00, 35, 0.25),
('10690', 56, 190.00, 20, 0.25),
('10690', 77, 65.00, 30, 0.25),
('10691', 1, 90.00, 30, 0),
('10691', 29, 618.95, 40, 0),
('10691', 43, 230.00, 40, 0),
('10691', 44, 97.25, 24, 0),
('10691', 62, 246.50, 48, 0),
('10692', 63, 219.50, 20, 0),
('10693', 9, 485.00, 6, 0),
('10693', 54, 37.25, 60, 0.15),
('10693', 69, 180.00, 30, 0.15),
('10693', 73, 75.00, 15, 0.15),
('10694', 7, 150.00, 90, 0),
('10694', 59, 275.00, 25, 0),
('10694', 70, 75.00, 50, 0),
('10695', 8, 200.00, 10, 0),
('10695', 12, 190.00, 4, 0),
('10695', 24, 22.50, 20, 0),
('10696', 17, 195.00, 20, 0),
('10696', 46, 60.00, 18, 0),
('10697', 19, 46.00, 7, 0.25),
('10697', 35, 90.00, 9, 0.25),
('10697', 58, 66.25, 30, 0.25),
('10697', 70, 75.00, 30, 0.25),
('10698', 11, 105.00, 15, 0),
('10698', 17, 195.00, 8, 0.05),
('10698', 29, 618.95, 12, 0.05),
('10698', 65, 105.25, 65, 0.05),
('10698', 70, 75.00, 8, 0.05),
('10699', 47, 47.50, 12, 0),
('10700', 1, 90.00, 5, 0.2),
('10700', 34, 70.00, 12, 0.2),
('10700', 68, 62.50, 40, 0.2),
('10700', 71, 107.50, 60, 0.2),
('10701', 59, 275.00, 42, 0.15),
('10701', 71, 107.50, 20, 0.15),
('10701', 76, 90.00, 35, 0.15),
('10702', 3, 50.00, 6, 0),
('10702', 76, 90.00, 15, 0),
('10703', 2, 95.00, 5, 0),
('10703', 59, 275.00, 35, 0),
('10703', 73, 75.00, 35, 0),
('10704', 4, 110.00, 6, 0),
('10704', 24, 22.50, 35, 0),
('10704', 48, 63.75, 24, 0),
('10705', 31, 62.50, 20, 0),
('10705', 32, 160.00, 4, 0),
('10706', 16, 87.25, 20, 0),
('10706', 43, 230.00, 24, 0),
('10706', 59, 275.00, 8, 0),
('10707', 55, 120.00, 21, 0),
('10707', 57, 97.50, 40, 0),
('10707', 70, 75.00, 28, 0.15),
('10708', 5, 106.75, 4, 0),
('10708', 36, 95.00, 5, 0),
('10709', 8, 200.00, 40, 0),
('10709', 51, 265.00, 28, 0),
('10709', 60, 170.00, 10, 0),
('10710', 19, 46.00, 5, 0),
('10710', 47, 47.50, 5, 0),
('10711', 19, 46.00, 12, 0),
('10711', 41, 48.25, 42, 0),
('10711', 53, 164.00, 120, 0),
('10712', 53, 164.00, 3, 0.05),
('10712', 56, 190.00, 30, 0),
('10713', 10, 155.00, 18, 0),
('10713', 26, 156.15, 30, 0),
('10713', 45, 47.50, 110, 0),
('10713', 46, 60.00, 24, 0),
('10714', 2, 95.00, 30, 0.25),
('10714', 17, 195.00, 27, 0.25),
('10714', 47, 47.50, 50, 0.25),
('10714', 56, 190.00, 18, 0.25),
('10714', 58, 66.25, 12, 0.25),
('10715', 10, 155.00, 21, 0),
('10715', 71, 107.50, 30, 0),
('10716', 21, 50.00, 5, 0),
('10716', 51, 265.00, 7, 0),
('10716', 61, 142.50, 10, 0),
('10717', 21, 50.00, 32, 0.05),
('10717', 54, 37.25, 15, 0),
('10717', 69, 180.00, 25, 0.05),
('10718', 12, 190.00, 36, 0),
('10718', 16, 87.25, 20, 0),
('10718', 36, 95.00, 40, 0),
('10718', 62, 246.50, 20, 0),
('10719', 18, 312.50, 12, 0.25),
('10719', 30, 129.45, 3, 0.25),
('10719', 54, 37.25, 40, 0.25),
('10720', 35, 90.00, 21, 0),
('10720', 71, 107.50, 8, 0),
('10721', 44, 97.25, 50, 0.05),
('10722', 2, 95.00, 3, 0),
('10722', 31, 62.50, 50, 0),
('10722', 68, 62.50, 45, 0),
('10722', 75, 38.75, 42, 0),
('10723', 26, 156.15, 15, 0),
('10724', 10, 155.00, 16, 0),
('10724', 61, 142.50, 5, 0),
('10725', 41, 48.25, 12, 0),
('10725', 52, 35.00, 4, 0),
('10725', 55, 120.00, 6, 0),
('10726', 4, 110.00, 25, 0),
('10726', 11, 105.00, 5, 0),
('10727', 17, 195.00, 20, 0.05),
('10727', 56, 190.00, 10, 0.05),
('10727', 59, 275.00, 10, 0.05),
('10728', 30, 129.45, 15, 0),
('10728', 40, 92.00, 6, 0),
('10728', 55, 120.00, 12, 0),
('10728', 60, 170.00, 15, 0),
('10729', 1, 90.00, 50, 0),
('10729', 21, 50.00, 30, 0),
('10729', 50, 81.25, 40, 0),
('10730', 16, 87.25, 15, 0.05),
('10730', 31, 62.50, 3, 0.05),
('10730', 65, 105.25, 10, 0.05),
('10731', 21, 50.00, 40, 0.05),
('10731', 51, 265.00, 30, 0.05),
('10732', 76, 90.00, 20, 0),
('10733', 14, 116.25, 16, 0),
('10733', 28, 228.00, 20, 0),
('10733', 52, 35.00, 25, 0),
('10734', 6, 125.00, 30, 0),
('10734', 30, 129.45, 15, 0),
('10734', 76, 90.00, 20, 0),
('10735', 61, 142.50, 20, 0.1),
('10735', 77, 65.00, 2, 0.1),
('10736', 65, 105.25, 40, 0),
('10736', 75, 38.75, 20, 0),
('10737', 13, 30.00, 4, 0),
('10737', 41, 48.25, 12, 0),
('10738', 16, 87.25, 3, 0),
('10739', 36, 95.00, 6, 0),
('10739', 52, 35.00, 18, 0),
('10740', 28, 228.00, 5, 0.2),
('10740', 35, 90.00, 35, 0.2),
('10740', 45, 47.50, 40, 0.2),
('10740', 56, 190.00, 14, 0.2),
('10741', 2, 95.00, 15, 0.2),
('10742', 3, 50.00, 20, 0),
('10742', 60, 170.00, 50, 0),
('10742', 72, 174.00, 35, 0),
('10743', 46, 60.00, 28, 0.05),
('10744', 40, 92.00, 50, 0.2),
('10745', 18, 312.50, 24, 0),
('10745', 44, 97.25, 16, 0),
('10745', 59, 275.00, 45, 0),
('10745', 72, 174.00, 7, 0),
('10746', 13, 30.00, 6, 0),
('10746', 42, 70.00, 28, 0),
('10746', 62, 246.50, 9, 0),
('10746', 69, 180.00, 40, 0),
('10747', 31, 62.50, 8, 0),
('10747', 41, 48.25, 35, 0),
('10747', 63, 219.50, 9, 0),
('10747', 69, 180.00, 30, 0),
('10748', 23, 45.00, 44, 0),
('10748', 40, 92.00, 40, 0),
('10748', 56, 190.00, 28, 0),
('10749', 56, 190.00, 15, 0),
('10749', 59, 275.00, 6, 0),
('10749', 76, 90.00, 10, 0),
('10750', 14, 116.25, 5, 0.15),
('10750', 45, 47.50, 40, 0.15),
('10750', 59, 275.00, 25, 0.15),
('10751', 26, 156.15, 12, 0.1),
('10751', 30, 129.45, 30, 0),
('10751', 50, 81.25, 20, 0.1),
('10751', 73, 75.00, 15, 0),
('10752', 1, 90.00, 8, 0),
('10752', 69, 180.00, 3, 0),
('10753', 45, 47.50, 4, 0),
('10753', 74, 50.00, 5, 0),
('10754', 40, 92.00, 3, 0),
('10755', 47, 47.50, 30, 0.25),
('10755', 56, 190.00, 30, 0.25),
('10755', 57, 97.50, 14, 0.25),
('10755', 69, 180.00, 25, 0.25),
('10756', 18, 312.50, 21, 0.2),
('10756', 36, 95.00, 20, 0.2),
('10756', 68, 62.50, 6, 0.2),
('10756', 69, 180.00, 20, 0.2),
('10757', 34, 70.00, 30, 0),
('10757', 59, 275.00, 7, 0),
('10757', 62, 246.50, 30, 0),
('10757', 64, 166.25, 24, 0),
('10758', 26, 156.15, 20, 0),
('10758', 52, 35.00, 60, 0),
('10758', 70, 75.00, 40, 0),
('10759', 32, 160.00, 10, 0),
('10760', 25, 70.00, 12, 0.25),
('10760', 27, 219.50, 40, 0),
('10760', 43, 230.00, 30, 0.25),
('10761', 25, 70.00, 35, 0.25),
('10761', 75, 38.75, 18, 0),
('10762', 39, 90.00, 16, 0),
('10762', 47, 47.50, 30, 0),
('10762', 51, 265.00, 28, 0),
('10762', 56, 190.00, 60, 0),
('10763', 21, 50.00, 40, 0),
('10763', 22, 105.00, 6, 0),
('10763', 24, 22.50, 20, 0),
('10764', 3, 50.00, 20, 0.1),
('10764', 39, 90.00, 130, 0.1),
('10765', 65, 105.25, 80, 0.1),
('10766', 2, 95.00, 40, 0),
('10766', 7, 150.00, 35, 0),
('10766', 68, 62.50, 40, 0),
('10767', 42, 70.00, 2, 0),
('10768', 22, 105.00, 4, 0),
('10768', 31, 62.50, 50, 0),
('10768', 60, 170.00, 15, 0),
('10768', 71, 107.50, 12, 0),
('10769', 41, 48.25, 30, 0.05),
('10769', 52, 35.00, 15, 0.05),
('10769', 61, 142.50, 20, 0),
('10769', 62, 246.50, 15, 0),
('10770', 11, 105.00, 15, 0.25),
('10771', 71, 107.50, 16, 0),
('10772', 29, 618.95, 18, 0),
('10772', 59, 275.00, 25, 0),
('10773', 17, 195.00, 33, 0),
('10773', 31, 62.50, 70, 0.2),
('10773', 75, 38.75, 7, 0.2),
('10774', 31, 62.50, 2, 0.25),
('10774', 66, 85.00, 50, 0),
('10775', 10, 155.00, 6, 0),
('10775', 67, 70.00, 3, 0),
('10776', 31, 62.50, 16, 0.05),
('10776', 42, 70.00, 12, 0.05),
('10776', 45, 47.50, 27, 0.05),
('10776', 51, 265.00, 120, 0.05),
('10777', 42, 70.00, 20, 0.2),
('10778', 41, 48.25, 10, 0),
('10779', 16, 87.25, 20, 0),
('10779', 62, 246.50, 20, 0),
('10780', 70, 75.00, 35, 0),
('10780', 77, 65.00, 15, 0),
('10781', 54, 37.25, 3, 0.2),
('10781', 56, 190.00, 20, 0.2),
('10781', 74, 50.00, 35, 0),
('10782', 31, 62.50, 1, 0),
('10783', 31, 62.50, 10, 0),
('10783', 38, 1317.50, 5, 0),
('10784', 36, 95.00, 30, 0),
('10784', 39, 90.00, 2, 0.15),
('10784', 72, 174.00, 30, 0.15),
('10785', 10, 155.00, 10, 0),
('10785', 75, 38.75, 10, 0),
('10786', 8, 200.00, 30, 0.2),
('10786', 30, 129.45, 15, 0.2),
('10786', 75, 38.75, 42, 0.2),
('10787', 2, 95.00, 15, 0.05),
('10787', 29, 618.95, 20, 0.05),
('10788', 19, 46.00, 50, 0.05),
('10788', 75, 38.75, 40, 0.05),
('10789', 18, 312.50, 30, 0),
('10789', 35, 90.00, 15, 0),
('10789', 63, 219.50, 30, 0),
('10789', 68, 62.50, 18, 0),
('10790', 7, 150.00, 3, 0.15),
('10790', 56, 190.00, 20, 0.15),
('10791', 29, 618.95, 14, 0.05),
('10791', 41, 48.25, 20, 0.05),
('10792', 2, 95.00, 10, 0),
('10792', 54, 37.25, 3, 0),
('10792', 68, 62.50, 15, 0),
('10793', 41, 48.25, 14, 0),
('10793', 52, 35.00, 8, 0),
('10794', 14, 116.25, 15, 0.2),
('10794', 54, 37.25, 6, 0.2),
('10795', 16, 87.25, 65, 0),
('10795', 17, 195.00, 35, 0.25),
('10796', 26, 156.15, 21, 0.2),
('10796', 44, 97.25, 10, 0),
('10796', 64, 166.25, 35, 0.2),
('10796', 69, 180.00, 24, 0.2),
('10797', 11, 105.00, 20, 0),
('10798', 62, 246.50, 2, 0),
('10798', 72, 174.00, 10, 0),
('10799', 13, 30.00, 20, 0.15),
('10799', 24, 22.50, 20, 0.15),
('10799', 59, 275.00, 25, 0),
('10800', 11, 105.00, 50, 0.1),
('10800', 51, 265.00, 10, 0.1),
('10800', 54, 37.25, 7, 0.1),
('10801', 17, 195.00, 40, 0.25),
('10801', 29, 618.95, 20, 0.25),
('10802', 30, 129.45, 25, 0.25),
('10802', 51, 265.00, 30, 0.25),
('10802', 55, 120.00, 60, 0.25),
('10802', 62, 246.50, 5, 0.25),
('10803', 19, 46.00, 24, 0.05),
('10803', 25, 70.00, 15, 0.05),
('10803', 59, 275.00, 15, 0.05),
('10804', 10, 155.00, 36, 0),
('10804', 28, 228.00, 24, 0),
('10804', 49, 100.00, 4, 0.15),
('10805', 34, 70.00, 10, 0),
('10805', 38, 1317.50, 10, 0),
('10806', 2, 95.00, 20, 0.25),
('10806', 65, 105.25, 2, 0),
('10806', 74, 50.00, 15, 0.25),
('10807', 40, 92.00, 1, 0),
('10808', 56, 190.00, 20, 0.15),
('10808', 76, 90.00, 50, 0.15),
('10809', 52, 35.00, 20, 0),
('10810', 13, 30.00, 7, 0),
('10810', 25, 70.00, 5, 0),
('10810', 70, 75.00, 5, 0),
('10811', 19, 46.00, 15, 0),
('10811', 23, 45.00, 18, 0),
('10811', 40, 92.00, 30, 0),
('10812', 31, 62.50, 16, 0.1),
('10812', 72, 174.00, 40, 0.1),
('10812', 77, 65.00, 20, 0),
('10813', 2, 95.00, 12, 0.2),
('10813', 46, 60.00, 35, 0),
('10814', 41, 48.25, 20, 0),
('10814', 43, 230.00, 20, 0.15),
('10814', 48, 63.75, 8, 0.15),
('10814', 61, 142.50, 30, 0.15),
('10815', 33, 12.50, 16, 0),
('10816', 38, 1317.50, 30, 0.05),
('10816', 62, 246.50, 20, 0.05),
('10817', 26, 156.15, 40, 0.15),
('10817', 38, 1317.50, 30, 0),
('10817', 40, 92.00, 60, 0.15),
('10817', 62, 246.50, 25, 0.15),
('10818', 32, 160.00, 20, 0),
('10818', 41, 48.25, 20, 0),
('10819', 43, 230.00, 7, 0),
('10819', 75, 38.75, 20, 0),
('10820', 56, 190.00, 30, 0),
('10821', 35, 90.00, 20, 0),
('10821', 51, 265.00, 6, 0),
('10822', 62, 246.50, 3, 0),
('10822', 70, 75.00, 6, 0),
('10823', 11, 105.00, 20, 0.1),
('10823', 57, 97.50, 15, 0),
('10823', 59, 275.00, 40, 0.1),
('10823', 77, 65.00, 15, 0.1),
('10824', 41, 48.25, 12, 0),
('10824', 70, 75.00, 9, 0),
('10825', 26, 156.15, 12, 0),
('10825', 53, 164.00, 20, 0),
('10826', 31, 62.50, 35, 0),
('10826', 57, 97.50, 15, 0),
('10827', 10, 155.00, 15, 0),
('10827', 39, 90.00, 21, 0),
('10828', 20, 405.00, 5, 0),
('10828', 38, 1317.50, 2, 0),
('10829', 2, 95.00, 10, 0),
('10829', 8, 200.00, 20, 0),
('10829', 13, 30.00, 10, 0),
('10829', 60, 170.00, 21, 0),
('10830', 6, 125.00, 6, 0),
('10830', 39, 90.00, 28, 0),
('10830', 60, 170.00, 30, 0),
('10830', 68, 62.50, 24, 0),
('10831', 19, 46.00, 2, 0),
('10831', 35, 90.00, 8, 0),
('10831', 38, 1317.50, 8, 0),
('10831', 43, 230.00, 9, 0),
('10832', 13, 30.00, 3, 0.2),
('10832', 25, 70.00, 10, 0.2),
('10832', 44, 97.25, 16, 0.2),
('10832', 64, 166.25, 3, 0),
('10833', 7, 150.00, 20, 0.1),
('10833', 31, 62.50, 9, 0.1),
('10833', 53, 164.00, 9, 0.1),
('10834', 29, 618.95, 8, 0.05),
('10834', 30, 129.45, 20, 0.05),
('10835', 59, 275.00, 15, 0),
('10835', 77, 65.00, 2, 0.2),
('10836', 22, 105.00, 52, 0),
('10836', 35, 90.00, 6, 0),
('10836', 57, 97.50, 24, 0),
('10836', 60, 170.00, 60, 0),
('10836', 64, 166.25, 30, 0),
('10837', 13, 30.00, 6, 0),
('10837', 40, 92.00, 25, 0),
('10837', 47, 47.50, 40, 0.25),
('10837', 76, 90.00, 21, 0.25),
('10838', 1, 90.00, 4, 0.25),
('10838', 18, 312.50, 25, 0.25),
('10838', 36, 95.00, 50, 0.25),
('10839', 58, 66.25, 30, 0.1),
('10839', 72, 174.00, 15, 0.1),
('10840', 25, 70.00, 6, 0.2),
('10840', 39, 90.00, 10, 0.2),
('10841', 10, 155.00, 16, 0),
('10841', 56, 190.00, 30, 0),
('10841', 59, 275.00, 50, 0),
('10841', 77, 65.00, 15, 0),
('10842', 11, 105.00, 15, 0),
('10842', 43, 230.00, 5, 0),
('10842', 68, 62.50, 20, 0),
('10842', 70, 75.00, 12, 0),
('10843', 51, 265.00, 4, 0.25),
('10844', 22, 105.00, 35, 0),
('10845', 23, 45.00, 70, 0.1),
('10845', 35, 90.00, 25, 0.1),
('10845', 42, 70.00, 42, 0.1),
('10845', 58, 66.25, 60, 0.1),
('10845', 64, 166.25, 48, 0),
('10846', 4, 110.00, 21, 0),
('10846', 70, 75.00, 30, 0),
('10846', 74, 50.00, 20, 0),
('10847', 1, 90.00, 80, 0.2),
('10847', 19, 46.00, 12, 0.2),
('10847', 37, 130.00, 60, 0.2),
('10847', 45, 47.50, 36, 0.2),
('10847', 60, 170.00, 45, 0.2),
('10847', 71, 107.50, 55, 0.2),
('10848', 5, 106.75, 30, 0),
('10848', 9, 485.00, 3, 0),
('10849', 3, 50.00, 49, 0),
('10849', 26, 156.15, 18, 0.15),
('10850', 25, 70.00, 20, 0.15),
('10850', 33, 12.50, 4, 0.15),
('10850', 70, 75.00, 30, 0.15),
('10851', 2, 95.00, 5, 0.05),
('10851', 25, 70.00, 10, 0.05),
('10851', 57, 97.50, 10, 0.05),
('10851', 59, 275.00, 42, 0.05),
('10852', 2, 95.00, 15, 0),
('10852', 17, 195.00, 6, 0),
('10852', 62, 246.50, 50, 0),
('10853', 18, 312.50, 10, 0),
('10854', 10, 155.00, 100, 0.15),
('10854', 13, 30.00, 65, 0.15),
('10855', 16, 87.25, 50, 0),
('10855', 31, 62.50, 14, 0),
('10855', 56, 190.00, 24, 0),
('10855', 65, 105.25, 15, 0.15),
('10856', 2, 95.00, 20, 0),
('10856', 42, 70.00, 20, 0),
('10857', 3, 50.00, 30, 0),
('10857', 26, 156.15, 35, 0.25),
('10857', 29, 618.95, 10, 0.25),
('10858', 7, 150.00, 5, 0),
('10858', 27, 219.50, 10, 0),
('10858', 70, 75.00, 4, 0),
('10859', 24, 22.50, 40, 0.25),
('10859', 54, 37.25, 35, 0.25),
('10859', 64, 166.25, 30, 0.25),
('10860', 51, 265.00, 3, 0),
('10860', 76, 90.00, 20, 0),
('10861', 17, 195.00, 42, 0),
('10861', 18, 312.50, 20, 0),
('10861', 21, 50.00, 40, 0),
('10861', 33, 12.50, 35, 0),
('10861', 62, 246.50, 3, 0),
('10862', 11, 105.00, 25, 0),
('10862', 52, 35.00, 8, 0),
('10863', 1, 90.00, 20, 0.15),
('10863', 58, 66.25, 12, 0.15),
('10864', 35, 90.00, 4, 0),
('10864', 67, 70.00, 15, 0),
('10865', 38, 1317.50, 60, 0.05),
('10865', 39, 90.00, 80, 0.05),
('10866', 2, 95.00, 21, 0.25),
('10866', 24, 22.50, 6, 0.25),
('10866', 30, 129.45, 40, 0.25),
('10867', 53, 164.00, 3, 0),
('10868', 26, 156.15, 20, 0),
('10868', 35, 90.00, 30, 0),
('10868', 49, 100.00, 42, 0.1),
('10869', 1, 90.00, 40, 0),
('10869', 11, 105.00, 10, 0),
('10869', 23, 45.00, 50, 0),
('10869', 68, 62.50, 20, 0),
('10870', 35, 90.00, 3, 0),
('10870', 51, 265.00, 2, 0),
('10871', 6, 125.00, 50, 0.05),
('10871', 16, 87.25, 12, 0.05),
('10871', 17, 195.00, 16, 0.05),
('10872', 55, 120.00, 10, 0.05),
('10872', 62, 246.50, 20, 0.05),
('10872', 64, 166.25, 15, 0.05),
('10872', 65, 105.25, 21, 0.05),
('10873', 21, 50.00, 20, 0),
('10873', 28, 228.00, 3, 0),
('10874', 10, 155.00, 10, 0),
('10875', 19, 46.00, 25, 0),
('10875', 47, 47.50, 21, 0.1),
('10875', 49, 100.00, 15, 0),
('10876', 46, 60.00, 21, 0),
('10876', 64, 166.25, 20, 0),
('10877', 16, 87.25, 30, 0.25),
('10877', 18, 312.50, 25, 0),
('10878', 20, 405.00, 20, 0.05),
('10879', 40, 92.00, 12, 0),
('10879', 65, 105.25, 10, 0),
('10879', 76, 90.00, 10, 0),
('10880', 23, 45.00, 30, 0.2),
('10880', 61, 142.50, 30, 0.2),
('10880', 70, 75.00, 50, 0.2),
('10881', 73, 75.00, 10, 0),
('10882', 42, 70.00, 25, 0),
('10882', 49, 100.00, 20, 0.15),
('10882', 54, 37.25, 32, 0.15),
('10883', 24, 22.50, 8, 0),
('10884', 21, 50.00, 40, 0.05),
('10884', 56, 190.00, 21, 0.05),
('10884', 65, 105.25, 12, 0.05),
('10885', 2, 95.00, 20, 0),
('10885', 24, 22.50, 12, 0),
('10885', 70, 75.00, 30, 0),
('10885', 77, 65.00, 25, 0),
('10886', 10, 155.00, 70, 0),
('10886', 31, 62.50, 35, 0),
('10886', 77, 65.00, 40, 0),
('10887', 25, 70.00, 5, 0),
('10888', 2, 95.00, 20, 0),
('10888', 68, 62.50, 18, 0),
('10889', 11, 105.00, 40, 0),
('10889', 38, 1317.50, 40, 0),
('10890', 17, 195.00, 15, 0),
('10890', 34, 70.00, 10, 0),
('10890', 41, 48.25, 14, 0),
('10891', 30, 129.45, 15, 0.05),
('10892', 59, 275.00, 40, 0.05),
('10893', 8, 200.00, 30, 0),
('10893', 24, 22.50, 10, 0),
('10893', 29, 618.95, 24, 0),
('10893', 30, 129.45, 35, 0);
INSERT INTO `order_details` (`ORDER_NUMBER`, `PRODUCT_REF`, `UNIT_PRICE`, `QUANTITY`, `DISCOUNT`) VALUES
('10893', 36, 95.00, 20, 0),
('10894', 13, 30.00, 28, 0.05),
('10894', 69, 180.00, 50, 0.05),
('10894', 75, 38.75, 120, 0.05),
('10895', 24, 22.50, 110, 0),
('10895', 39, 90.00, 45, 0),
('10895', 40, 92.00, 91, 0),
('10895', 60, 170.00, 100, 0),
('10896', 45, 47.50, 15, 0),
('10896', 56, 190.00, 16, 0),
('10897', 29, 618.95, 80, 0),
('10897', 30, 129.45, 36, 0),
('10898', 13, 30.00, 5, 0),
('10899', 39, 90.00, 8, 0.15),
('10900', 70, 75.00, 3, 0.25),
('10901', 41, 48.25, 30, 0),
('10901', 71, 107.50, 30, 0),
('10902', 55, 120.00, 30, 0.15),
('10902', 62, 246.50, 6, 0.15),
('10903', 13, 30.00, 40, 0),
('10903', 65, 105.25, 21, 0),
('10903', 68, 62.50, 20, 0),
('10904', 58, 66.25, 15, 0),
('10904', 62, 246.50, 35, 0),
('10905', 1, 90.00, 20, 0.05),
('10906', 61, 142.50, 15, 0),
('10907', 75, 38.75, 14, 0),
('10908', 7, 150.00, 20, 0.05),
('10908', 52, 35.00, 14, 0.05),
('10909', 7, 150.00, 12, 0),
('10909', 16, 87.25, 15, 0),
('10909', 41, 48.25, 5, 0),
('10910', 19, 46.00, 12, 0),
('10910', 49, 100.00, 10, 0),
('10910', 61, 142.50, 5, 0),
('10911', 1, 90.00, 10, 0),
('10911', 17, 195.00, 12, 0),
('10911', 67, 70.00, 15, 0),
('10912', 11, 105.00, 40, 0.25),
('10912', 29, 618.95, 60, 0.25),
('10913', 4, 110.00, 30, 0.25),
('10913', 33, 12.50, 40, 0.25),
('10913', 58, 66.25, 15, 0),
('10914', 71, 107.50, 25, 0),
('10915', 17, 195.00, 10, 0),
('10915', 33, 12.50, 30, 0),
('10915', 54, 37.25, 10, 0),
('10916', 16, 87.25, 6, 0),
('10916', 32, 160.00, 6, 0),
('10916', 57, 97.50, 20, 0),
('10917', 30, 129.45, 1, 0),
('10917', 60, 170.00, 10, 0),
('10918', 1, 90.00, 60, 0.25),
('10918', 60, 170.00, 25, 0.25),
('10919', 16, 87.25, 24, 0),
('10919', 25, 70.00, 24, 0),
('10919', 40, 92.00, 20, 0),
('10920', 50, 81.25, 24, 0),
('10921', 35, 90.00, 10, 0),
('10921', 63, 219.50, 40, 0),
('10922', 17, 195.00, 15, 0),
('10922', 24, 22.50, 35, 0),
('10923', 42, 70.00, 10, 0.2),
('10923', 43, 230.00, 10, 0.2),
('10923', 67, 70.00, 24, 0.2),
('10924', 10, 155.00, 20, 0.1),
('10924', 28, 228.00, 30, 0.1),
('10924', 75, 38.75, 6, 0),
('10925', 36, 95.00, 25, 0.15),
('10925', 52, 35.00, 12, 0.15),
('10926', 11, 105.00, 2, 0),
('10926', 13, 30.00, 10, 0),
('10926', 19, 46.00, 7, 0),
('10926', 72, 174.00, 10, 0),
('10927', 20, 405.00, 5, 0),
('10927', 52, 35.00, 5, 0),
('10927', 76, 90.00, 20, 0),
('10928', 47, 47.50, 5, 0),
('10928', 76, 90.00, 5, 0),
('10929', 21, 50.00, 60, 0),
('10929', 75, 38.75, 49, 0),
('10929', 77, 65.00, 15, 0),
('10930', 21, 50.00, 36, 0),
('10930', 27, 219.50, 25, 0),
('10930', 55, 120.00, 25, 0.2),
('10930', 58, 66.25, 30, 0.2),
('10931', 13, 30.00, 42, 0.15),
('10931', 57, 97.50, 30, 0),
('10932', 16, 87.25, 30, 0.1),
('10932', 62, 246.50, 14, 0.1),
('10932', 72, 174.00, 16, 0),
('10932', 75, 38.75, 20, 0.1),
('10933', 53, 164.00, 2, 0),
('10933', 61, 142.50, 30, 0),
('10934', 6, 125.00, 20, 0),
('10935', 1, 90.00, 21, 0),
('10935', 18, 312.50, 4, 0.25),
('10935', 23, 45.00, 8, 0.25),
('10936', 36, 95.00, 30, 0.2),
('10937', 28, 228.00, 8, 0),
('10937', 34, 70.00, 20, 0),
('10938', 13, 30.00, 20, 0.25),
('10938', 43, 230.00, 24, 0.25),
('10938', 60, 170.00, 49, 0.25),
('10938', 71, 107.50, 35, 0.25),
('10939', 2, 95.00, 10, 0.15),
('10939', 67, 70.00, 40, 0.15),
('10940', 7, 150.00, 8, 0),
('10940', 13, 30.00, 20, 0),
('10941', 31, 62.50, 44, 0.25),
('10941', 62, 246.50, 30, 0.25),
('10941', 68, 62.50, 80, 0.25),
('10941', 72, 174.00, 50, 0),
('10942', 49, 100.00, 28, 0),
('10943', 13, 30.00, 15, 0),
('10943', 22, 105.00, 21, 0),
('10943', 46, 60.00, 15, 0),
('10944', 11, 105.00, 5, 0.25),
('10944', 44, 97.25, 18, 0.25),
('10944', 56, 190.00, 18, 0),
('10945', 13, 30.00, 20, 0),
('10945', 31, 62.50, 10, 0),
('10946', 10, 155.00, 25, 0),
('10946', 24, 22.50, 25, 0),
('10946', 77, 65.00, 40, 0),
('10947', 59, 275.00, 4, 0),
('10948', 50, 81.25, 9, 0),
('10948', 51, 265.00, 40, 0),
('10948', 55, 120.00, 4, 0),
('10949', 6, 125.00, 12, 0),
('10949', 10, 155.00, 30, 0),
('10949', 17, 195.00, 6, 0),
('10949', 62, 246.50, 60, 0),
('10950', 4, 110.00, 5, 0),
('10951', 33, 12.50, 15, 0.05),
('10951', 41, 48.25, 6, 0.05),
('10951', 75, 38.75, 50, 0.05),
('10952', 6, 125.00, 16, 0.05),
('10952', 28, 228.00, 2, 0),
('10953', 20, 405.00, 50, 0.05),
('10953', 31, 62.50, 50, 0.05),
('10954', 16, 87.25, 28, 0.15),
('10954', 31, 62.50, 25, 0.15),
('10954', 45, 47.50, 30, 0),
('10954', 60, 170.00, 24, 0.15),
('10955', 75, 38.75, 12, 0.2),
('10956', 21, 50.00, 12, 0),
('10956', 47, 47.50, 14, 0),
('10956', 51, 265.00, 8, 0),
('10957', 30, 129.45, 30, 0),
('10957', 35, 90.00, 40, 0),
('10957', 64, 166.25, 8, 0),
('10958', 5, 106.75, 20, 0),
('10958', 7, 150.00, 6, 0),
('10958', 72, 174.00, 5, 0),
('10959', 75, 38.75, 20, 0.15),
('10960', 24, 22.50, 10, 0.25),
('10960', 41, 48.25, 24, 0),
('10961', 52, 35.00, 6, 0.05),
('10961', 76, 90.00, 60, 0),
('10962', 7, 150.00, 45, 0),
('10962', 13, 30.00, 77, 0),
('10962', 53, 164.00, 20, 0),
('10962', 69, 180.00, 9, 0),
('10962', 76, 90.00, 44, 0),
('10963', 60, 170.00, 2, 0.15),
('10964', 18, 312.50, 6, 0),
('10964', 38, 1317.50, 5, 0),
('10964', 69, 180.00, 10, 0),
('10965', 51, 265.00, 16, 0),
('10966', 37, 130.00, 8, 0),
('10966', 56, 190.00, 12, 0.15),
('10966', 62, 246.50, 12, 0.15),
('10967', 19, 46.00, 12, 0),
('10967', 49, 100.00, 40, 0),
('10968', 12, 190.00, 30, 0),
('10968', 24, 22.50, 30, 0),
('10968', 64, 166.25, 4, 0),
('10969', 46, 60.00, 9, 0),
('10970', 52, 35.00, 40, 0.2),
('10971', 29, 618.95, 14, 0),
('10972', 17, 195.00, 6, 0),
('10972', 33, 12.50, 7, 0),
('10973', 26, 156.15, 5, 0),
('10973', 41, 48.25, 6, 0),
('10973', 75, 38.75, 10, 0),
('10974', 63, 219.50, 10, 0),
('10975', 8, 200.00, 16, 0),
('10975', 75, 38.75, 10, 0),
('10976', 28, 228.00, 20, 0),
('10977', 39, 90.00, 30, 0),
('10977', 47, 47.50, 30, 0),
('10977', 51, 265.00, 10, 0),
('10977', 63, 219.50, 20, 0),
('10978', 8, 200.00, 20, 0.15),
('10978', 21, 50.00, 40, 0.15),
('10978', 40, 92.00, 10, 0),
('10978', 44, 97.25, 6, 0.15),
('10979', 7, 150.00, 18, 0),
('10979', 12, 190.00, 20, 0),
('10979', 24, 22.50, 80, 0),
('10979', 27, 219.50, 30, 0),
('10979', 31, 62.50, 24, 0),
('10979', 63, 219.50, 35, 0),
('10980', 75, 38.75, 40, 0.2),
('10981', 38, 1317.50, 60, 0),
('10982', 7, 150.00, 20, 0),
('10982', 43, 230.00, 9, 0),
('10983', 13, 30.00, 84, 0.15),
('10983', 57, 97.50, 15, 0),
('10984', 16, 87.25, 55, 0),
('10984', 24, 22.50, 20, 0),
('10984', 36, 95.00, 40, 0),
('10985', 16, 87.25, 36, 0.1),
('10985', 18, 312.50, 8, 0.1),
('10985', 32, 160.00, 35, 0.1),
('10986', 11, 105.00, 30, 0),
('10986', 20, 405.00, 15, 0),
('10986', 76, 90.00, 10, 0),
('10986', 77, 65.00, 15, 0),
('10987', 7, 150.00, 60, 0),
('10987', 43, 230.00, 6, 0),
('10987', 72, 174.00, 20, 0),
('10988', 7, 150.00, 60, 0),
('10988', 62, 246.50, 40, 0.1),
('10989', 6, 125.00, 40, 0),
('10989', 11, 105.00, 15, 0),
('10989', 41, 48.25, 4, 0),
('10990', 21, 50.00, 65, 0),
('10990', 34, 70.00, 60, 0.15),
('10990', 55, 120.00, 65, 0.15),
('10990', 61, 142.50, 66, 0.15),
('10991', 2, 95.00, 50, 0.2),
('10991', 70, 75.00, 20, 0.2),
('10991', 76, 90.00, 90, 0.2),
('10992', 72, 174.00, 2, 0),
('10993', 29, 618.95, 50, 0.25),
('10993', 41, 48.25, 35, 0.25),
('10994', 59, 275.00, 18, 0.05),
('10995', 51, 265.00, 20, 0),
('10995', 60, 170.00, 4, 0),
('10996', 42, 70.00, 40, 0),
('10997', 32, 160.00, 50, 0),
('10997', 46, 60.00, 20, 0.25),
('10997', 52, 35.00, 20, 0.25),
('10998', 24, 22.50, 12, 0),
('10998', 61, 142.50, 7, 0),
('10998', 74, 50.00, 20, 0),
('10998', 75, 38.75, 30, 0),
('10999', 41, 48.25, 20, 0.05),
('10999', 51, 265.00, 15, 0.05),
('10999', 77, 65.00, 21, 0.05),
('11000', 4, 110.00, 25, 0.25),
('11000', 24, 22.50, 30, 0.25),
('11000', 77, 65.00, 30, 0),
('11001', 7, 150.00, 60, 0),
('11001', 22, 105.00, 25, 0),
('11001', 46, 60.00, 25, 0),
('11001', 55, 120.00, 6, 0),
('11002', 13, 30.00, 56, 0),
('11002', 35, 90.00, 15, 0.15),
('11002', 42, 70.00, 24, 0.15),
('11002', 55, 120.00, 40, 0),
('11003', 1, 90.00, 4, 0),
('11003', 40, 92.00, 10, 0),
('11003', 52, 35.00, 10, 0),
('11004', 26, 156.15, 6, 0),
('11004', 76, 90.00, 6, 0),
('11005', 1, 90.00, 2, 0),
('11005', 59, 275.00, 10, 0),
('11006', 1, 90.00, 8, 0),
('11006', 29, 618.95, 2, 0.25),
('11007', 8, 200.00, 30, 0),
('11007', 29, 618.95, 10, 0),
('11007', 42, 70.00, 14, 0),
('11008', 28, 228.00, 70, 0.05),
('11008', 34, 70.00, 90, 0.05),
('11008', 71, 107.50, 21, 0),
('11009', 24, 22.50, 12, 0),
('11009', 36, 95.00, 18, 0.25),
('11009', 60, 170.00, 9, 0),
('11010', 7, 150.00, 20, 0),
('11010', 24, 22.50, 10, 0),
('11011', 58, 66.25, 40, 0.05),
('11011', 71, 107.50, 20, 0),
('11012', 19, 46.00, 50, 0.05),
('11012', 60, 170.00, 36, 0.05),
('11012', 71, 107.50, 60, 0.05),
('11013', 23, 45.00, 10, 0),
('11013', 42, 70.00, 4, 0),
('11013', 45, 47.50, 20, 0),
('11013', 68, 62.50, 2, 0),
('11014', 41, 48.25, 28, 0.1),
('11015', 30, 129.45, 15, 0),
('11015', 77, 65.00, 18, 0),
('11016', 31, 62.50, 15, 0),
('11016', 36, 95.00, 16, 0),
('11017', 3, 50.00, 25, 0),
('11017', 59, 275.00, 110, 0),
('11017', 70, 75.00, 30, 0),
('11018', 12, 190.00, 20, 0),
('11018', 18, 312.50, 10, 0),
('11018', 56, 190.00, 5, 0),
('11019', 46, 60.00, 3, 0),
('11019', 49, 100.00, 2, 0),
('11020', 10, 155.00, 24, 0.15),
('11021', 2, 95.00, 11, 0.25),
('11021', 20, 405.00, 15, 0),
('11021', 26, 156.15, 63, 0),
('11021', 51, 265.00, 44, 0.25),
('11021', 72, 174.00, 35, 0),
('11022', 19, 46.00, 35, 0),
('11022', 69, 180.00, 30, 0),
('11023', 7, 150.00, 4, 0),
('11023', 43, 230.00, 30, 0),
('11024', 26, 156.15, 12, 0),
('11024', 33, 12.50, 30, 0),
('11024', 65, 105.25, 21, 0),
('11024', 71, 107.50, 50, 0),
('11025', 1, 90.00, 10, 0.1),
('11025', 13, 30.00, 20, 0.1),
('11026', 18, 312.50, 8, 0),
('11026', 51, 265.00, 10, 0),
('11027', 24, 22.50, 30, 0.25),
('11027', 62, 246.50, 21, 0.25),
('11028', 55, 120.00, 35, 0),
('11028', 59, 275.00, 24, 0),
('11029', 56, 190.00, 20, 0),
('11029', 63, 219.50, 12, 0),
('11030', 2, 95.00, 100, 0.25),
('11030', 5, 106.75, 70, 0),
('11030', 29, 618.95, 60, 0.25),
('11030', 59, 275.00, 100, 0.25),
('11031', 1, 90.00, 45, 0),
('11031', 13, 30.00, 80, 0),
('11031', 24, 22.50, 21, 0),
('11031', 64, 166.25, 20, 0),
('11031', 71, 107.50, 16, 0),
('11032', 36, 95.00, 35, 0),
('11032', 38, 1317.50, 25, 0),
('11032', 59, 275.00, 30, 0),
('11033', 53, 164.00, 70, 0.1),
('11033', 69, 180.00, 36, 0.1),
('11034', 21, 50.00, 15, 0.1),
('11034', 44, 97.25, 12, 0),
('11034', 61, 142.50, 6, 0),
('11035', 1, 90.00, 10, 0),
('11035', 35, 90.00, 60, 0),
('11035', 42, 70.00, 30, 0),
('11035', 54, 37.25, 10, 0),
('11036', 13, 30.00, 7, 0),
('11036', 59, 275.00, 30, 0),
('11037', 70, 75.00, 4, 0),
('11038', 40, 92.00, 5, 0.2),
('11038', 52, 35.00, 2, 0),
('11038', 71, 107.50, 30, 0),
('11039', 28, 228.00, 20, 0),
('11039', 35, 90.00, 24, 0),
('11039', 49, 100.00, 60, 0),
('11039', 57, 97.50, 28, 0),
('11040', 21, 50.00, 20, 0),
('11041', 2, 95.00, 30, 0.2),
('11041', 63, 219.50, 30, 0),
('11042', 44, 97.25, 15, 0),
('11042', 61, 142.50, 4, 0),
('11043', 11, 105.00, 10, 0),
('11044', 62, 246.50, 12, 0),
('11045', 33, 12.50, 15, 0),
('11045', 51, 265.00, 24, 0),
('11046', 12, 190.00, 20, 0.05),
('11046', 32, 160.00, 15, 0.05),
('11046', 35, 90.00, 18, 0.05),
('11047', 1, 90.00, 25, 0.25),
('11047', 5, 106.75, 30, 0.25),
('11048', 68, 62.50, 42, 0),
('11049', 2, 95.00, 10, 0.2),
('11049', 12, 190.00, 4, 0.2),
('11050', 76, 90.00, 50, 0.1),
('11051', 24, 22.50, 10, 0.2),
('11052', 43, 230.00, 30, 0.2),
('11052', 61, 142.50, 10, 0.2),
('11053', 18, 312.50, 35, 0.2),
('11053', 32, 160.00, 20, 0),
('11053', 64, 166.25, 25, 0.2),
('11054', 33, 12.50, 10, 0),
('11054', 67, 70.00, 20, 0),
('11055', 24, 22.50, 15, 0),
('11055', 25, 70.00, 15, 0),
('11055', 51, 265.00, 20, 0),
('11055', 57, 97.50, 20, 0),
('11056', 7, 150.00, 40, 0),
('11056', 55, 120.00, 35, 0),
('11056', 60, 170.00, 50, 0),
('11057', 70, 75.00, 3, 0),
('11058', 21, 50.00, 3, 0),
('11058', 60, 170.00, 21, 0),
('11058', 61, 142.50, 4, 0),
('11059', 13, 30.00, 30, 0),
('11059', 17, 195.00, 12, 0),
('11059', 60, 170.00, 35, 0),
('11060', 60, 170.00, 4, 0),
('11060', 77, 65.00, 10, 0),
('11061', 60, 170.00, 15, 0),
('11062', 53, 164.00, 10, 0.2),
('11062', 70, 75.00, 12, 0.2),
('11063', 34, 70.00, 30, 0),
('11063', 40, 92.00, 40, 0.1),
('11063', 41, 48.25, 30, 0.1),
('11064', 17, 195.00, 77, 0.1),
('11064', 41, 48.25, 12, 0),
('11064', 53, 164.00, 25, 0.1),
('11064', 55, 120.00, 4, 0.1),
('11064', 68, 62.50, 55, 0),
('11065', 30, 129.45, 4, 0.25),
('11065', 54, 37.25, 20, 0.25),
('11066', 16, 87.25, 3, 0),
('11066', 19, 46.00, 42, 0),
('11066', 34, 70.00, 35, 0),
('11067', 41, 48.25, 9, 0),
('11068', 28, 228.00, 8, 0.15),
('11068', 43, 230.00, 36, 0.15),
('11068', 77, 65.00, 28, 0.15),
('11069', 39, 90.00, 20, 0),
('11070', 1, 90.00, 40, 0.15),
('11070', 2, 95.00, 20, 0.15),
('11070', 16, 87.25, 30, 0.15),
('11070', 31, 62.50, 20, 0),
('11071', 7, 150.00, 15, 0.05),
('11071', 13, 30.00, 10, 0.05),
('11072', 2, 95.00, 8, 0),
('11072', 41, 48.25, 40, 0),
('11072', 50, 81.25, 22, 0),
('11072', 64, 166.25, 130, 0),
('11073', 11, 105.00, 10, 0),
('11073', 24, 22.50, 20, 0),
('11074', 16, 87.25, 14, 0.05),
('11075', 2, 95.00, 10, 0.15),
('11075', 46, 60.00, 30, 0.15),
('11075', 76, 90.00, 2, 0.15),
('11075', 90, 675.00, 2, 0.15),
('11076', 6, 125.00, 20, 0.25),
('11076', 14, 116.25, 20, 0.25),
('11076', 19, 46.00, 10, 0.25),
('11076', 90, 645.00, 10, 0.25),
('11076', 91, 700.00, 10, 0.25),
('11076', 92, 705.00, 10, 0.25),
('11077', 2, 95.00, 24, 0.2),
('11077', 3, 50.00, 4, 0),
('11077', 4, 110.00, 1, 0),
('11077', 6, 125.00, 1, 0.02),
('11077', 7, 150.00, 1, 0.05),
('11077', 8, 200.00, 2, 0.1),
('11077', 10, 155.00, 1, 0),
('11077', 12, 190.00, 2, 0.05),
('11077', 13, 30.00, 4, 0),
('11077', 14, 116.25, 1, 0.03),
('11077', 16, 87.25, 2, 0.03),
('11077', 20, 405.00, 1, 0.04),
('11077', 23, 45.00, 2, 0),
('11077', 32, 160.00, 1, 0),
('11077', 39, 90.00, 2, 0.05),
('11077', 41, 48.25, 3, 0),
('11077', 46, 60.00, 3, 0.02),
('11077', 52, 35.00, 2, 0),
('11077', 55, 120.00, 2, 0),
('11077', 60, 170.00, 2, 0.06),
('11077', 64, 166.25, 2, 0.03),
('11077', 66, 85.00, 1, 0),
('11077', 73, 75.00, 2, 0.01),
('11077', 75, 38.75, 4, 0),
('11077', 77, 65.00, 2, 0),
('11077', 90, 644.00, 2, 0),
('11078', 91, 652.00, 2, 0),
('11078', 92, 654.00, 2, 0);

-- --------------------------------------------------------

--
-- Structure de la table `products`
--

CREATE TABLE `products` (
  `PRODUCT_REF` int(11) NOT NULL,
  `PRODUCT_NAME` varchar(40) NOT NULL,
  `QUANTITY` varchar(30) DEFAULT NULL,
  `UNIT_PRICE` decimal(8,2) NOT NULL,
  `UNITS_IN_STOCK` decimal(5,0) DEFAULT NULL,
  `UNITS_ON_ORDER` decimal(5,0) DEFAULT NULL,
  `UNAVAILABLE` decimal(1,0) DEFAULT NULL,
  `CATEGORY_CODE` int(11) DEFAULT NULL,
  `SUPPLIER_NUMBER` int(11) DEFAULT NULL
) ENGINE=InnoDB DEFAULT CHARSET=utf8mb4 COLLATE=utf8mb4_general_ci;

--
-- Déchargement des données de la table `products`
--

INSERT INTO `products` (`PRODUCT_REF`, `PRODUCT_NAME`, `QUANTITY`, `UNIT_PRICE`, `UNITS_IN_STOCK`, `UNITS_ON_ORDER`, `UNAVAILABLE`, `CATEGORY_CODE`, `SUPPLIER_NUMBER`) VALUES
(1, 'Chai', '10 boxes x 20 bags', 90.00, 39, NULL, 0, 1, 1),
(2, 'Chang', '24 bottles (1 liter)', 95.00, 17, 40, 0, 1, 1),
(3, 'Aniseed Syrup', '12 bottles (550 ml)', 50.00, 13, 70, 0, 2, 1),
(4, 'Chef Anton\'s Cajun Seasoning', '48 jars (6 ounces)', 110.00, 53, NULL, 0, 2, 2),
(5, 'Chef Anton\'s Gumbo Mix', '36 cans', 106.00, 0, NULL, 1, 2, 2),
(6, 'Grandma\'s Boysenberry Spread', '12 jars (8 ounces)', 125.00, 120, NULL, 0, 2, 3),
(7, 'Uncle Bob\'s Organic Dried Pears', '12 cartons (1 kg)', 150.00, 15, NULL, 0, 7, 3),
(8, 'Northwoods Cranberry Sauce', '12 jars (12 ounces)', 200.00, 6, NULL, 0, 2, 3),
(9, 'Mishi Kobe Niku', '18 cartons (500 g)', 485.00, NULL, NULL, -1, 6, 4),
(10, 'Ikura', '12 jars (200 g)', 155.00, 31, NULL, 0, 8, 4),
(11, 'Queso Cabrales', '1 carton (1 kg)', 105.00, 22, 30, 0, 4, 5),
(12, 'Queso Manchego La Pastora', '10 cartons (500 g)', 190.00, 86, NULL, 0, 4, 5),
(13, 'Konbu', '1 box (2 kg)', 30.00, 24, NULL, 0, 8, 6),
(14, 'Tofu', '40 cartons (100 g)', 116.00, 35, NULL, 0, 7, 6),
(15, 'Genen Shouyu', '24 bottles (250 ml)', 78.00, 0, NULL, 0, 2, 6),
(17, 'Alice Mutton', '20 boxes (1 kg)', 195.00, NULL, NULL, -1, 6, 7),
(19, 'Teatime Chocolate Biscuits', '10 boxes x 12 pieces', 46.00, 25, NULL, 0, 3, 8),
(20, 'Sir Rodney\'s Marmalade', '30 jars', 405.00, 40, NULL, 0, 3, 8),
(21, 'Sir Rodney\'s Scones', '24 cartons x 4 pieces', 50.00, 3, 40, 0, 3, 8),
(22, 'Gustaf\'s Knäckebröd', '24 cartons (500 g)', 105.00, 104, NULL, 0, 5, 9),
(23, 'Tunnbröd', '12 cartons (250 g)', 45.00, 61, NULL, 0, 5, 9),
(25, 'NuNuCa Nuß-Nougat-Creme', '20 jars (450 g)', 70.00, 76, NULL, 0, 3, 11),
(28, 'Rössle Sauerkraut', '25 cans (825 g)', 228.00, NULL, NULL, -1, 7, 12),
(32, 'Mascarpone Fabioli', '24 cartons (200 g)', 160.00, 9, 40, 0, 4, 14),
(34, 'Sasquatch Ale', '24 bottles (70 cl)', 70.00, 111, NULL, 0, 1, 16),
(35, 'Steeleye Stout', '24 bottles (1 liter)', 90.00, 20, NULL, 0, 1, 16),
(36, 'Inlagd Sill', '24 jars (250 g)', 95.00, 112, NULL, 0, 8, 17),
(37, 'Gravad lax', '12 cartons (500 g)', 130.00, 11, 50, 0, 8, 17),
(39, 'Chartreuse verte', '1 bottle (750 cc)', 90.00, 69, NULL, 0, 1, 18),
(40, 'Boston Crab Meat', '24 cans (4 ounces)', 92.00, 123, NULL, 0, 8, 19),
(42, 'Singaporean Hokkien Fried Mee', '32 cartons (1 kg)', 70.00, NULL, NULL, -1, 5, 20),
(43, 'Ipoh Coffee', '16 boxes (500 g)', 230.00, 17, 10, 0, 1, 20),
(46, 'Spegesild', '4 cans (250 g)', 60.00, 95, NULL, 0, 8, 21),
(49, 'Maxilaku', '24 cartons (50 g)', 100.00, 10, 60, 0, 3, 23),
(51, 'Manjimup Dried Apples', '50 cartons (300 g)', 265.00, 20, NULL, 0, 7, 24),
(52, 'Filo Mix', '16 boxes (2 kg)', 35.00, 38, NULL, 0, 5, 24),
(53, 'Perth Pasties', '48 pieces', 164.00, NULL, NULL, -1, 6, 24),
(55, 'Pâté chinois', '24 boxes x 2 pies', 120.00, 115, NULL, 0, 6, 25),
(56, 'Gnocchi di nonna Alice', '24 cartons (250 g)', 190.00, 21, 10, 0, 5, 26),
(59, 'Raclette Courdavault', '1 carton (5 kg)', 275.00, 79, NULL, 0, 4, 28),
(60, 'Camembert Pierrot', '15 units (300 g)', 170.00, 19, NULL, 0, 4, 28),
(66, 'Louisiana Hot Spiced Okra', '24 jars (8 ounces)', 85.00, 4, 100, 0, 2, 2),
(67, 'Laughing Lumberjack Lager', '24 bottles (12 ounces)', 70.00, 52, NULL, 0, 1, 16),
(69, 'Gudbrandsdalsost', '1 carton (10 kg)', 180.00, 26, NULL, 0, 4, 15),
(70, 'Outback Lager', '24 bottles (355 ml)', 75.00, 15, 10, 0, 1, 7),
(72, 'Mozzarella di Giovanni', '24 cartons (200 g)', 174.00, 14, NULL, 0, 4, 14),
(73, 'Röd Kaviar', '24 jars (150 g)', 75.00, 101, NULL, 0, 8, 17),
(74, 'Longlife Tofu', '1 carton (5 kg)', 50.00, 4, 20, 0, 7, 4),
(76, 'Lakkalikööri', '1 bottle (500 ml)', 90.00, 57, NULL, 0, 1, 23),
(77, 'Original Frankfurter grüne Soße', '12 cans', 65.00, 32, NULL, 0, 2, 12);

-- --------------------------------------------------------

--
-- Structure de la table `suppliers`
--

CREATE TABLE `suppliers` (
  `SUPPLIER_NUMBER` int(11) NOT NULL,
  `COMPANY` varchar(40) NOT NULL,
  `ADDRESS` varchar(60) NOT NULL,
  `CITY` varchar(30) NOT NULL,
  `POSTAL_CODE` varchar(10) NOT NULL,
  `COUNTRY` varchar(15) NOT NULL,
  `PHONE` varchar(24) NOT NULL,
  `FAX` varchar(24) DEFAULT NULL
) ENGINE=InnoDB DEFAULT CHARSET=utf8mb4 COLLATE=utf8mb4_general_ci;

--
-- Déchargement des données de la table `suppliers`
--

INSERT INTO `suppliers` (`SUPPLIER_NUMBER`, `COMPANY`, `ADDRESS`, `CITY`, `POSTAL_CODE`, `COUNTRY`, `PHONE`, `FAX`) VALUES
(1, 'Exotic Liquids', '49 Gilbert St.', 'London', 'EC1 4SD', 'Royaume-Uni', '(171) 555-2222', ''),
(2, 'Nouvelle-Orléans Cajun Delights', 'P.O. Box 78934', 'Nouvelle-Orléans', '70117', 'Etats-Unis', '(100) 555-4822', ''),
(3, 'Grandma Kelly\'s Homestead', '707 Oxford Rd.', 'Ann Arbor', '48104', 'Etats-Unis', '(313) 555-5735', '(313) 555-3349'),
(4, 'Tokyo Traders', '9-8 SekimaiMusashino-shi', 'Tokyo', '100', 'Japon', '(03) 3555-5011', ''),
(5, 'Cooperativa de Quesos \'Las Cabras\'', 'Calle del Rosal 4', 'Oviedo', '33007', 'Espagne', '(98) 598 76 54', ''),
(6, 'Mayumi\'s', '92 SetsukoChuo-ku', 'Osaka', '545', 'Japon', '(06) 431-7877', ''),
(7, 'Pavlova, Ltd.', '74 Rose St.Moonie Ponds', 'Melbourne', '3058', 'Australie', '(059) 55-5450', '(03) 444-6588'),
(8, 'Specialty Biscuits, Ltd.', '29 King\'s Way', 'Manchester', 'M14 GSD', 'Royaume-Uni', '(161) 555-4448', ''),
(9, 'PB Knäckebröd AB', 'Kaloadagatan 13', 'Göteborg', 'S-345 67', 'Suède', '031-987 65 43', '031-987 65 91'),
(10, 'Refrescos Americanas LTDA', 'Av. das Americanas 12.890', 'São Paulo', '5442', 'Brésil', '(11) 555 4640', ''),
(11, 'Heli Süßwaren GmbH  Co. KG', 'Tiergartenstraße 5', 'Berlin', '10785', 'Allemagne', '(010) 9984510', ''),
(12, 'Plutzer Lebensmittelgroßmärkte AG', 'Bogenallee 51', 'Frankfurt', '60439', 'Allemagne', '(069) 992755', ''),
(13, 'Nord-Ost-Fisch Handelsgesellschaft mbH', 'Frahmredder 112a', 'Cuxhaven', '27478', 'Allemagne', '(04721) 8713', '(04721) 8714'),
(14, 'Formaggi Fortini s.r.l.', 'Viale Dante, 75', 'Ravenna', '48100', 'Italie', '(0544) 60323', '(0544) 60603'),
(15, 'Norske Meierier', 'Hatlevegen 5', 'Sandvika', '1320', 'Norvège', '(0)2-953010', ''),
(16, 'Bigfoot Breweries', '3400 - 8th AvenueSuite 210', 'Bend', '97101', 'Etats-Unis', '(503) 555-9931', ''),
(17, 'Svensk Sjöföda AB', 'Brovallavägen 231', 'Stockholm', 'S-123 45', 'Suède', '08-123 45 67', ''),
(18, 'Aux joyeux ecclésiastiques', '203, Rue des Francs-Bourgeois', 'Paris', '75004', 'France', '01.03.83.00.68', '01.03.83.00.62'),
(19, 'New England Seafood Cannery', 'Order Processing Dept.2100 Paul Revere Blvd.', 'Boston', '02134', 'Etats-Unis', '(617) 555-3267', '(617) 555-3389'),
(20, 'Leka Trading', '471 Serangoon Loop, Suite #402', 'Singapore', '0512', 'Singapour', '555-8787', ''),
(21, 'Lyngbysild', 'LyngbysildFiskebakken 10', 'Lyngby', '2800', 'Danemark', '43844108', '43844115'),
(22, 'Zaanse Snoepfabriek', 'VerkoopRijnweg 22', 'Zaandam', '9999 ZZ', 'Pays-Bas', '(12345)1212', '(12345) 1210'),
(23, 'Karkki Oy', 'Valtakatu 12', 'Lappeenranta', '53120', 'Finlande', '(953) 10956', ''),
(24, 'G\'day, Mate', '170 Prince Edward ParadeHunter\'s Hill', 'Sydney', '2042', 'Australie', '(02) 555-4873', '(02) 555-4873'),
(25, 'Ma Maison', '2960 Rue St. Laurent', 'Montréal', 'H1J 1C3', 'Canada', '(514) 555-9022', ''),
(26, 'Pasta Buttini s.r.l.', 'Via dei Gelsomini, 153', 'Salerno', '84100', 'Italie', '(089) 6547665', '(089) 6547667'),
(27, 'Escargots Nouveaux', '22, rue H. Voiron', 'Montceau', '71300', 'France', '04.85.57.00.07', ''),
(28, 'Gai pâturage', 'Bat. B3, rue des Alpes', 'Annecy', '74000', 'France', '04.38.76.98.06', '04.38.76.98.58'),
(29, 'Forêts d\'érables', '148 rue Chasseur', 'Ste-Hyacinthe', 'J2S 7S8', 'Canada', '(514) 555-2955', '(514) 555-2921'),
(30, 'Lenovo', '149 rue Chasseur', 'Ste-Hyacinthe', 'J2S 7S8', 'Canada', '(514) 555-2956', '(514) 555-2922'),
(31, 'Asus', '150 rue Chasseur', 'Ste-Hyacinthe', 'J2S 7S8', 'Canada', '(514) 555-2957', '(514) 555-2923');

--
-- Index pour les tables déchargées
--

--
-- Index pour la table `categories`
--
ALTER TABLE `categories`
  ADD PRIMARY KEY (`CATEGORY_CODE`);

--
-- Index pour la table `customers`
--
ALTER TABLE `customers`
  ADD PRIMARY KEY (`CUSTOMER_CODE`);

--
-- Index pour la table `employees`
--
ALTER TABLE `employees`
  ADD PRIMARY KEY (`EMPLOYEE_NUMBER`),
  ADD KEY `FK_EMPLOYEES_EMPLOYES` (`REPORTS_TO`);

--
-- Index pour la table `orders`
--
ALTER TABLE `orders`
  ADD PRIMARY KEY (`ORDER_NUMBER`),
  ADD KEY `FK_ORDERS_CUSTOMERS` (`CUSTOMER_CODE`),
  ADD KEY `FK_ORDERS_EMPLOYEES` (`EMPLOYEE_NUMBER`);

--
-- Index pour la table `order_details`
--
ALTER TABLE `order_details`
  ADD PRIMARY KEY (`ORDER_NUMBER`,`PRODUCT_REF`);

--
-- Index pour la table `products`
--
ALTER TABLE `products`
  ADD PRIMARY KEY (`PRODUCT_REF`),
  ADD KEY `FK_PRODUCTS_CATEGORIES` (`CATEGORY_CODE`),
  ADD KEY `FK_PRODUCTS_SUPPLIERS` (`SUPPLIER_NUMBER`);

--
-- Index pour la table `suppliers`
--
ALTER TABLE `suppliers`
  ADD PRIMARY KEY (`SUPPLIER_NUMBER`);

--
-- Contraintes pour les tables déchargées
--

--
-- Contraintes pour la table `employees`
--
ALTER TABLE `employees`
  ADD CONSTRAINT `FK_EMPLOYEES_EMPLOYES` FOREIGN KEY (`REPORTS_TO`) REFERENCES `employees` (`EMPLOYEE_NUMBER`);

--
-- Contraintes pour la table `orders`
--
ALTER TABLE `orders`
  ADD CONSTRAINT `FK_EMPLOYEE_NUMBER` FOREIGN KEY (`EMPLOYEE_NUMBER`) REFERENCES `employees` (`EMPLOYEE_NUMBER`),
  ADD CONSTRAINT `FK_ORDERS_CUSTOMERS` FOREIGN KEY (`CUSTOMER_CODE`) REFERENCES `customers` (`CUSTOMER_CODE`),
  ADD CONSTRAINT `FK_ORDERS_EMPLOYEES` FOREIGN KEY (`EMPLOYEE_NUMBER`) REFERENCES `employees` (`EMPLOYEE_NUMBER`);

--
-- Contraintes pour la table `products`
--
ALTER TABLE `products`
  ADD CONSTRAINT `FK_PRODUCTS_CATEGORIES` FOREIGN KEY (`CATEGORY_CODE`) REFERENCES `categories` (`CATEGORY_CODE`),
  ADD CONSTRAINT `FK_PRODUCTS_SUPPLIERS` FOREIGN KEY (`SUPPLIER_NUMBER`) REFERENCES `suppliers` (`SUPPLIER_NUMBER`);
COMMIT;

/*!40101 SET CHARACTER_SET_CLIENT=@OLD_CHARACTER_SET_CLIENT */;
/*!40101 SET CHARACTER_SET_RESULTS=@OLD_CHARACTER_SET_RESULTS */;
/*!40101 SET COLLATION_CONNECTION=@OLD_COLLATION_CONNECTION */;
